ID_Pedido;Data_Pedido;Nome_Produto;Categoria;Preco_Unitario;Quantidade;ID_Cliente;Cidade;Estado
1000;2026-01-01 19:00:00;Headset 7.1;Acessórios;800.0;2;107;Curitiba;PR
1001;2026-01-01 20:00:00;Mouse Vertical;Acessórios;228.13;1;122;Salvador;BA
1002;2026-01-01 07:00:00;Teclado Mecânico;Acessórios;507.1;5;107;Salvador;BA
1003;2026-01-01 02:00:00;Headset 7.1;Acessórios;800.0;5;131;Belo Horizonte;MG
1004;2026-01-01 08:00:00;Mouse Vertical;Acessórios;245.73;5;105;Fortaleza;CE
1005;2026-01-02 22:00:00;SSD 1TB;Hardware;600.0;2;134;Curitiba;PR
1006;2026-01-02 14:00:00;Cadeira Gamer;Móveis;1200.0;4;125;Rio de Janeiro;RJ
1007;2026-01-02 04:00:00;Cadeira Gamer;Móveis;1200.0;5;111;Curitiba;PR
1008;2026-01-02 18:00:00;Monitor Ultrawide;Eletrônicos;2800.0;5;140;São Paulo;SP
1009;2026-01-02 18:00:00;SSD 1TB;Hardware;600.0;2;121;Fortaleza;CE
1010;2026-01-03 10:00:00;SSD 1TB;Hardware;600.0;1;142;Fortaleza;CE
1011;2026-01-03 02:00:00;Laptop Gamer;Eletrônicos;7500.0;5;129;Fortaleza;CE
1012;2026-01-03 11:00:00;SSD 1TB;Hardware;600.0;4;143;São Paulo;SP
1013;2026-01-03 21:00:00;Cadeira Gamer;Móveis;1200.0;5;143;Belo Horizonte;MG
1014;2026-01-03 11:00:00;Placa de Vídeo;Hardware;4500.0;5;107;Porto Alegre;RS
1015;2026-01-04 04:00:00;SSD 1TB;Hardware;600.0;7;119;São Paulo;SP
1016;2026-01-04 01:00:00;Headset 7.1;Acessórios;800.0;2;144;Porto Alegre;RS
1017;2026-01-04 15:00:00;Monitor Ultrawide;Eletrônicos;2800.0;1;135;Fortaleza;CE
1018;2026-01-04 05:00:00;Placa de Vídeo;Hardware;4500.0;5;149;Porto Alegre;RS
1019;2026-01-04 06:00:00;Monitor Ultrawide;Eletrônicos;2800.0;2;133;São Paulo;SP
1020;2026-01-05 09:00:00;SSD 1TB;Hardware;600.0;6;134;Porto Alegre;RS
1021;2026-01-05 12:00:00;Mouse Vertical;Acessórios;237.95;2;103;Rio de Janeiro;RJ
1022;2026-01-05 22:00:00;Headset 7.1;Acessórios;800.0;4;148;Porto Alegre;RS
1023;2026-01-05 05:00:00;Teclado Mecânico;Acessórios;513.79;7;142;Curitiba;PR
1024;2026-01-05 03:00:00;Placa de Vídeo;Hardware;4500.0;6;102;Rio de Janeiro;RJ
1025;2026-01-06 23:00:00;SSD 1TB;Hardware;600.0;7;124;São Paulo;SP
1026;2026-01-06 07:00:00;SSD 1TB;Hardware;600.0;7;101;Fortaleza;CE
1027;2026-01-06 04:00:00;Monitor Ultrawide;Eletrônicos;2800.0;5;102;Fortaleza;CE
1028;2026-01-06 07:00:00;Cadeira Gamer;Móveis;1200.0;4;118;Salvador;BA
1029;2026-01-06 19:00:00;Teclado Mecânico;Acessórios;502.91;6;126;Belo Horizonte;MG
1030;2026-01-07 16:00:00;Laptop Gamer;Eletrônicos;7500.0;2;121;Rio de Janeiro;RJ
1031;2026-01-07 08:00:00;Laptop Gamer;Eletrônicos;7500.0;6;134;Rio de Janeiro;RJ
1032;2026-01-07 13:00:00;Placa de Vídeo;Hardware;4500.0;1;118;Belo Horizonte;MG
1033;2026-01-07 20:00:00;Mouse Vertical;Acessórios;236.2;6;118;São Paulo;SP
1034;2026-01-07 00:00:00;Monitor Ultrawide;Eletrônicos;2800.0;2;137;Salvador;BA
1035;2026-01-08 04:00:00;Laptop Gamer;Eletrônicos;7500.0;5;112;Fortaleza;CE
1036;2026-01-08 15:00:00;Headset 7.1;Acessórios;800.0;1;144;Curitiba;PR
1037;2026-01-08 23:00:00;SSD 1TB;Hardware;600.0;6;104;Rio de Janeiro;RJ
1038;2026-01-08 09:00:00;Monitor Ultrawide;Eletrônicos;2800.0;6;106;Belo Horizonte;MG
1039;2026-01-08 17:00:00;Monitor Ultrawide;Eletrônicos;2800.0;1;141;Porto Alegre;RS
1040;2026-01-09 01:00:00;Monitor Ultrawide;Eletrônicos;2800.0;6;140;Rio de Janeiro;RJ
1041;2026-01-09 20:00:00;Monitor Ultrawide;Eletrônicos;2800.0;3;116;Belo Horizonte;MG
1042;2026-01-09 04:00:00;Teclado Mecânico;Acessórios;528.44;6;102;Curitiba;PR
1043;2026-01-09 23:00:00;Cadeira Gamer;Móveis;1200.0;6;125;Porto Alegre;RS
1044;2026-01-09 14:00:00;Laptop Gamer;Eletrônicos;7500.0;7;138;Fortaleza;CE
1045;2026-01-10 17:00:00;Teclado Mecânico;Acessórios;515.2;5;113;Salvador;BA
1046;2026-01-10 05:00:00;Mouse Vertical;Acessórios;240.92;1;116;Porto Alegre;RS
1047;2026-01-10 23:00:00;Monitor Ultrawide;Eletrônicos;2800.0;2;127;Rio de Janeiro;RJ
1048;2026-01-10 13:00:00;Mouse Vertical;Acessórios;235.94;4;108;São Paulo;SP
1049;2026-01-10 13:00:00;Teclado Mecânico;Acessórios;500.7;1;114;Salvador;BA
1050;2026-01-11 05:00:00;Headset 7.1;Acessórios;800.0;5;147;Curitiba;PR
1051;2026-01-11 13:00:00;SSD 1TB;Hardware;600.0;4;147;Belo Horizonte;MG
1052;2026-01-11 12:00:00;Headset 7.1;Acessórios;800.0;1;114;Salvador;BA
1053;2026-01-11 08:00:00;Cadeira Gamer;Móveis;1200.0;6;146;Fortaleza;CE
1054;2026-01-11 02:00:00;Teclado Mecânico;Acessórios;518.8;7;111;Rio de Janeiro;RJ
1055;2026-01-12 08:00:00;Teclado Mecânico;Acessórios;498.07;2;113;Salvador;BA
1056;2026-01-12 23:00:00;SSD 1TB;Hardware;600.0;1;102;Porto Alegre;RS
1057;2026-01-12 06:00:00;Teclado Mecânico;Acessórios;497.57;7;113;Fortaleza;CE
1058;2026-01-12 21:00:00;Placa de Vídeo;Hardware;4500.0;2;132;Fortaleza;CE
1059;2026-01-12 20:00:00;SSD 1TB;Hardware;600.0;5;100;Salvador;BA
1060;2026-01-13 17:00:00;Placa de Vídeo;Hardware;4500.0;2;120;Fortaleza;CE
1061;2026-01-13 08:00:00;Monitor Ultrawide;Eletrônicos;2800.0;6;116;Fortaleza;CE
1062;2026-01-13 17:00:00;Headset 7.1;Acessórios;800.0;1;136;Porto Alegre;RS
1063;2026-01-13 02:00:00;Monitor Ultrawide;Eletrônicos;2800.0;6;147;São Paulo;SP
1064;2026-01-13 14:00:00;Monitor Ultrawide;Eletrônicos;2800.0;4;144;Fortaleza;CE
1065;2026-01-14 08:00:00;Headset 7.1;Acessórios;800.0;3;112;Curitiba;PR
1066;2026-01-14 10:00:00;Placa de Vídeo;Hardware;4500.0;6;111;Fortaleza;CE
1067;2026-01-14 13:00:00;Headset 7.1;Acessórios;800.0;3;101;Fortaleza;CE
1068;2026-01-14 06:00:00;Teclado Mecânico;Acessórios;535.52;1;107;Fortaleza;CE
1069;2026-01-14 21:00:00;Cadeira Gamer;Móveis;1200.0;4;108;Porto Alegre;RS
1070;2026-01-15 18:00:00;SSD 1TB;Hardware;600.0;5;114;Rio de Janeiro;RJ
1071;2026-01-15 04:00:00;Mouse Vertical;Acessórios;230.41;4;131;Porto Alegre;RS
1072;2026-01-15 02:00:00;Mouse Vertical;Acessórios;237.6;3;131;São Paulo;SP
1073;2026-01-15 02:00:00;Teclado Mecânico;Acessórios;541.9;1;102;Curitiba;PR
1074;2026-01-15 10:00:00;Teclado Mecânico;Acessórios;508.14;2;142;Salvador;BA
1075;2026-01-16 23:00:00;SSD 1TB;Hardware;600.0;2;143;Porto Alegre;RS
1076;2026-01-16 20:00:00;Teclado Mecânico;Acessórios;547.16;7;117;São Paulo;SP
1077;2026-01-16 21:00:00;Monitor Ultrawide;Eletrônicos;2800.0;4;140;Porto Alegre;RS
1078;2026-01-16 08:00:00;Placa de Vídeo;Hardware;4500.0;5;128;Curitiba;PR
1079;2026-01-16 11:00:00;Laptop Gamer;Eletrônicos;7500.0;5;108;Belo Horizonte;MG
1080;2026-01-17 19:00:00;Placa de Vídeo;Hardware;4500.0;6;100;Salvador;BA
1081;2026-01-17 10:00:00;Laptop Gamer;Eletrônicos;7500.0;6;109;Fortaleza;CE
1082;2026-01-17 13:00:00;Headset 7.1;Acessórios;800.0;1;143;Fortaleza;CE
1083;2026-01-17 03:00:00;Mouse Vertical;Acessórios;247.09;2;102;Fortaleza;CE
1084;2026-01-17 18:00:00;SSD 1TB;Hardware;600.0;2;142;Belo Horizonte;MG
1085;2026-01-18 02:00:00;SSD 1TB;Hardware;600.0;5;149;Rio de Janeiro;RJ
1086;2026-01-18 10:00:00;Cadeira Gamer;Móveis;1200.0;2;132;Salvador;BA
1087;2026-01-18 20:00:00;Teclado Mecânico;Acessórios;524.53;1;134;Fortaleza;CE
1088;2026-01-18 03:00:00;Headset 7.1;Acessórios;800.0;4;149;Belo Horizonte;MG
1089;2026-01-18 11:00:00;Teclado Mecânico;Acessórios;514.66;7;112;Curitiba;PR
1090;2026-01-19 10:00:00;Mouse Vertical;Acessórios;246.05;6;134;Salvador;BA
1091;2026-01-19 07:00:00;Cadeira Gamer;Móveis;1200.0;3;128;Porto Alegre;RS
1092;2026-01-19 01:00:00;Monitor Ultrawide;Eletrônicos;2800.0;4;119;Fortaleza;CE
1093;2026-01-19 23:00:00;Mouse Vertical;Acessórios;235.55;5;146;Belo Horizonte;MG
1094;2026-01-19 18:00:00;Monitor Ultrawide;Eletrônicos;2800.0;4;109;Belo Horizonte;MG
1095;2026-01-20 23:00:00;Monitor Ultrawide;Eletrônicos;2800.0;5;123;Curitiba;PR
1096;2026-01-20 04:00:00;Placa de Vídeo;Hardware;4500.0;7;120;Belo Horizonte;MG
1097;2026-01-20 18:00:00;Teclado Mecânico;Acessórios;541.06;5;104;Belo Horizonte;MG
1098;2026-01-20 01:00:00;Placa de Vídeo;Hardware;4500.0;5;117;São Paulo;SP
1099;2026-01-20 16:00:00;Teclado Mecânico;Acessórios;543.71;5;149;Rio de Janeiro;RJ
1100;2026-01-21 22:00:00;Cadeira Gamer;Móveis;1200.0;3;111;Porto Alegre;RS
1101;2026-01-21 01:00:00;Placa de Vídeo;Hardware;4500.0;6;129;Curitiba;PR
1102;2026-01-21 15:00:00;Cadeira Gamer;Móveis;1200.0;1;110;Fortaleza;CE
1103;2026-01-21 20:00:00;SSD 1TB;Hardware;600.0;5;120;Salvador;BA
1104;2026-01-21 12:00:00;Cadeira Gamer;Móveis;1200.0;6;141;Porto Alegre;RS
1105;2026-01-22 13:00:00;Placa de Vídeo;Hardware;4500.0;6;122;Porto Alegre;RS
1106;2026-01-22 14:00:00;SSD 1TB;Hardware;600.0;3;117;Rio de Janeiro;RJ
1107;2026-01-22 09:00:00;Monitor Ultrawide;Eletrônicos;2800.0;5;118;Curitiba;PR
1108;2026-01-22 23:00:00;Headset 7.1;Acessórios;800.0;7;103;Rio de Janeiro;RJ
1109;2026-01-22 14:00:00;Headset 7.1;Acessórios;800.0;6;121;São Paulo;SP
1110;2026-01-23 02:00:00;Mouse Vertical;Acessórios;235.42;4;140;Curitiba;PR
1111;2026-01-23 04:00:00;Laptop Gamer;Eletrônicos;7500.0;3;142;Porto Alegre;RS
1112;2026-01-23 22:00:00;Mouse Vertical;Acessórios;232.43;2;123;Salvador;BA
1113;2026-01-23 00:00:00;Teclado Mecânico;Acessórios;526.21;3;108;Curitiba;PR
1114;2026-01-23 10:00:00;Monitor Ultrawide;Eletrônicos;2800.0;7;136;Curitiba;PR
1115;2026-01-24 13:00:00;Teclado Mecânico;Acessórios;499.01;7;110;Porto Alegre;RS
1116;2026-01-24 20:00:00;SSD 1TB;Hardware;600.0;6;136;Rio de Janeiro;RJ
1117;2026-01-24 16:00:00;SSD 1TB;Hardware;600.0;3;118;Rio de Janeiro;RJ
1118;2026-01-24 22:00:00;Mouse Vertical;Acessórios;237.24;7;135;São Paulo;SP
1119;2026-01-24 23:00:00;Placa de Vídeo;Hardware;4500.0;6;111;Curitiba;PR
1120;2026-01-25 19:00:00;Monitor Ultrawide;Eletrônicos;2800.0;4;120;Fortaleza;CE
1121;2026-01-25 12:00:00;SSD 1TB;Hardware;600.0;5;127;Salvador;BA
1122;2026-01-25 23:00:00;Cadeira Gamer;Móveis;1200.0;4;125;São Paulo;SP
1123;2026-01-25 16:00:00;Monitor Ultrawide;Eletrônicos;2800.0;3;118;Curitiba;PR
1124;2026-01-25 17:00:00;SSD 1TB;Hardware;600.0;1;118;Rio de Janeiro;RJ
1125;2026-01-26 18:00:00;SSD 1TB;Hardware;600.0;5;130;Fortaleza;CE
1126;2026-01-26 23:00:00;Monitor Ultrawide;Eletrônicos;2800.0;2;135;Belo Horizonte;MG
1127;2026-01-26 10:00:00;Teclado Mecânico;Acessórios;542.28;7;137;Porto Alegre;RS
1128;2026-01-26 06:00:00;Teclado Mecânico;Acessórios;528.41;3;123;Fortaleza;CE
1129;2026-01-26 06:00:00;SSD 1TB;Hardware;600.0;1;149;Curitiba;PR
1130;2026-01-27 03:00:00;Cadeira Gamer;Móveis;1200.0;1;103;Porto Alegre;RS
1131;2026-01-27 21:00:00;SSD 1TB;Hardware;600.0;1;105;Belo Horizonte;MG
1132;2026-01-27 20:00:00;Headset 7.1;Acessórios;800.0;5;147;Belo Horizonte;MG
1133;2026-01-27 12:00:00;Mouse Vertical;Acessórios;234.46;2;120;Fortaleza;CE
1134;2026-01-27 12:00:00;Headset 7.1;Acessórios;800.0;6;121;Porto Alegre;RS
1135;2026-01-28 11:00:00;Headset 7.1;Acessórios;800.0;2;138;São Paulo;SP
1136;2026-01-28 23:00:00;Teclado Mecânico;Acessórios;495.07;3;109;Porto Alegre;RS
1137;2026-01-28 03:00:00;Monitor Ultrawide;Eletrônicos;2800.0;4;102;Belo Horizonte;MG
1138;2026-01-28 08:00:00;SSD 1TB;Hardware;600.0;2;133;Porto Alegre;RS
1139;2026-01-28 15:00:00;Cadeira Gamer;Móveis;1200.0;6;131;Curitiba;PR
1140;2026-01-29 04:00:00;Cadeira Gamer;Móveis;1200.0;7;149;Porto Alegre;RS
1141;2026-01-29 15:00:00;Headset 7.1;Acessórios;800.0;4;101;Belo Horizonte;MG
1142;2026-01-29 12:00:00;Teclado Mecânico;Acessórios;532.02;5;120;São Paulo;SP
1143;2026-01-29 10:00:00;SSD 1TB;Hardware;600.0;4;111;Porto Alegre;RS
1144;2026-01-29 23:00:00;Headset 7.1;Acessórios;800.0;7;129;Belo Horizonte;MG
1145;2026-01-30 19:00:00;Cadeira Gamer;Móveis;1200.0;1;104;Rio de Janeiro;RJ
1146;2026-01-30 13:00:00;Placa de Vídeo;Hardware;4500.0;2;118;Rio de Janeiro;RJ
1147;2026-01-30 14:00:00;SSD 1TB;Hardware;600.0;5;113;São Paulo;SP
1148;2026-01-30 02:00:00;Mouse Vertical;Acessórios;228.93;5;105;Fortaleza;CE
1149;2026-01-30 03:00:00;Monitor Ultrawide;Eletrônicos;2800.0;6;139;Rio de Janeiro;RJ
1150;2026-01-31 08:00:00;Laptop Gamer;Eletrônicos;7500.0;2;141;Porto Alegre;RS
1151;2026-01-31 15:00:00;Headset 7.1;Acessórios;800.0;1;136;Porto Alegre;RS
1152;2026-01-31 09:00:00;Teclado Mecânico;Acessórios;532.31;6;143;Porto Alegre;RS
1153;2026-01-31 20:00:00;Laptop Gamer;Eletrônicos;7500.0;7;109;Salvador;BA
1154;2026-01-31 16:00:00;Monitor Ultrawide;Eletrônicos;2800.0;4;139;Fortaleza;CE
1155;2026-02-01 20:00:00;SSD 1TB;Hardware;600.0;7;119;Fortaleza;CE
1156;2026-02-01 21:00:00;SSD 1TB;Hardware;600.0;6;137;Curitiba;PR
1157;2026-02-01 08:00:00;Mouse Vertical;Acessórios;232.42;3;119;Porto Alegre;RS
1158;2026-02-01 22:00:00;Cadeira Gamer;Móveis;1200.0;6;122;São Paulo;SP
1159;2026-02-01 21:00:00;Monitor Ultrawide;Eletrônicos;2800.0;1;126;Fortaleza;CE
1160;2026-02-02 18:00:00;Cadeira Gamer;Móveis;1200.0;2;139;Fortaleza;CE
1161;2026-02-02 11:00:00;Placa de Vídeo;Hardware;4500.0;2;113;Curitiba;PR
1162;2026-02-02 02:00:00;Placa de Vídeo;Hardware;4500.0;5;138;Belo Horizonte;MG
1163;2026-02-02 02:00:00;Mouse Vertical;Acessórios;228.69;1;124;Fortaleza;CE
1164;2026-02-02 07:00:00;Monitor Ultrawide;Eletrônicos;2800.0;6;132;Curitiba;PR
1165;2026-02-03 18:00:00;Teclado Mecânico;Acessórios;517.08;4;147;Fortaleza;CE
1166;2026-02-03 01:00:00;SSD 1TB;Hardware;600.0;5;100;Curitiba;PR
1167;2026-02-03 00:00:00;Placa de Vídeo;Hardware;4500.0;1;127;Fortaleza;CE
1168;2026-02-03 14:00:00;Headset 7.1;Acessórios;800.0;5;145;Rio de Janeiro;RJ
1169;2026-02-03 16:00:00;Teclado Mecânico;Acessórios;547.26;1;101;Porto Alegre;RS
1170;2026-02-04 19:00:00;SSD 1TB;Hardware;600.0;6;122;Salvador;BA
1171;2026-02-04 10:00:00;Cadeira Gamer;Móveis;1200.0;3;135;São Paulo;SP
1172;2026-02-04 15:00:00;Laptop Gamer;Eletrônicos;7500.0;4;113;Rio de Janeiro;RJ
1173;2026-02-04 05:00:00;SSD 1TB;Hardware;600.0;3;105;Curitiba;PR
1174;2026-02-04 21:00:00;Placa de Vídeo;Hardware;4500.0;4;115;Fortaleza;CE
1175;2026-02-05 01:00:00;Laptop Gamer;Eletrônicos;7500.0;3;149;Salvador;BA
1176;2026-02-05 00:00:00;Monitor Ultrawide;Eletrônicos;2800.0;7;109;São Paulo;SP
1177;2026-02-05 09:00:00;Headset 7.1;Acessórios;800.0;1;109;Curitiba;PR
1178;2026-02-05 12:00:00;Teclado Mecânico;Acessórios;505.83;7;145;Rio de Janeiro;RJ
1179;2026-02-05 19:00:00;Cadeira Gamer;Móveis;1200.0;3;135;Curitiba;PR
1180;2026-02-06 15:00:00;Laptop Gamer;Eletrônicos;7500.0;5;123;Curitiba;PR
1181;2026-02-06 19:00:00;Monitor Ultrawide;Eletrônicos;2800.0;7;131;Porto Alegre;RS
1182;2026-02-06 08:00:00;Teclado Mecânico;Acessórios;545.88;2;141;Porto Alegre;RS
1183;2026-02-06 19:00:00;Cadeira Gamer;Móveis;1200.0;7;107;Belo Horizonte;MG
1184;2026-02-06 14:00:00;Headset 7.1;Acessórios;800.0;3;108;São Paulo;SP
1185;2026-02-07 14:00:00;Laptop Gamer;Eletrônicos;7500.0;6;117;Fortaleza;CE
1186;2026-02-07 16:00:00;Teclado Mecânico;Acessórios;523.63;5;114;Rio de Janeiro;RJ
1187;2026-02-07 12:00:00;Placa de Vídeo;Hardware;4500.0;3;131;Curitiba;PR
1188;2026-02-07 06:00:00;Teclado Mecânico;Acessórios;512.17;5;114;Curitiba;PR
1189;2026-02-07 11:00:00;Placa de Vídeo;Hardware;4500.0;2;118;Curitiba;PR
1190;2026-02-08 18:00:00;Placa de Vídeo;Hardware;4500.0;3;131;Belo Horizonte;MG
1191;2026-02-08 15:00:00;Monitor Ultrawide;Eletrônicos;2800.0;4;133;Curitiba;PR
1192;2026-02-08 00:00:00;Mouse Vertical;Acessórios;239.31;6;134;Rio de Janeiro;RJ
1193;2026-02-08 16:00:00;Laptop Gamer;Eletrônicos;7500.0;6;110;Salvador;BA
1194;2026-02-08 02:00:00;Mouse Vertical;Acessórios;242.85;5;124;Curitiba;PR
1195;2026-02-09 05:00:00;Laptop Gamer;Eletrônicos;7500.0;4;135;São Paulo;SP
1196;2026-02-09 12:00:00;Headset 7.1;Acessórios;800.0;4;140;São Paulo;SP
1197;2026-02-09 12:00:00;Monitor Ultrawide;Eletrônicos;2800.0;3;129;Belo Horizonte;MG
1198;2026-02-09 02:00:00;Mouse Vertical;Acessórios;235.13;1;137;Salvador;BA
1199;2026-02-09 20:00:00;Teclado Mecânico;Acessórios;502.27;7;113;Belo Horizonte;MG
1200;2026-02-10 15:00:00;SSD 1TB;Hardware;600.0;2;144;Porto Alegre;RS
1201;2026-02-10 07:00:00;Teclado Mecânico;Acessórios;548.34;2;146;Curitiba;PR
1202;2026-02-10 05:00:00;Mouse Vertical;Acessórios;225.65;3;121;Curitiba;PR
1203;2026-02-10 12:00:00;SSD 1TB;Hardware;600.0;3;139;Porto Alegre;RS
1204;2026-02-10 04:00:00;Headset 7.1;Acessórios;800.0;7;137;Porto Alegre;RS
1205;2026-02-11 00:00:00;Cadeira Gamer;Móveis;1200.0;3;141;Porto Alegre;RS
1206;2026-02-11 20:00:00;Monitor Ultrawide;Eletrônicos;2800.0;5;146;Porto Alegre;RS
1207;2026-02-11 20:00:00;Laptop Gamer;Eletrônicos;7500.0;6;112;São Paulo;SP
1208;2026-02-11 13:00:00;Mouse Vertical;Acessórios;227.72;4;114;Belo Horizonte;MG
1209;2026-02-11 20:00:00;Cadeira Gamer;Móveis;1200.0;7;137;Rio de Janeiro;RJ
1210;2026-02-12 08:00:00;Laptop Gamer;Eletrônicos;7500.0;2;133;Fortaleza;CE
1211;2026-02-12 04:00:00;Mouse Vertical;Acessórios;236.71;4;147;Curitiba;PR
1212;2026-02-12 01:00:00;Mouse Vertical;Acessórios;241.6;1;149;Curitiba;PR
1213;2026-02-12 03:00:00;Monitor Ultrawide;Eletrônicos;2800.0;6;125;Fortaleza;CE
1214;2026-02-12 21:00:00;Placa de Vídeo;Hardware;4500.0;3;138;Belo Horizonte;MG
1215;2026-02-13 14:00:00;Monitor Ultrawide;Eletrônicos;2800.0;6;127;Curitiba;PR
1216;2026-02-13 15:00:00;Placa de Vídeo;Hardware;4500.0;1;120;Rio de Janeiro;RJ
1217;2026-02-13 05:00:00;Headset 7.1;Acessórios;800.0;6;109;Rio de Janeiro;RJ
1218;2026-02-13 10:00:00;Headset 7.1;Acessórios;800.0;1;100;Curitiba;PR
1219;2026-02-13 12:00:00;Laptop Gamer;Eletrônicos;7500.0;6;146;Belo Horizonte;MG
1220;2026-02-14 20:00:00;Mouse Vertical;Acessórios;231.54;5;109;Porto Alegre;RS
1221;2026-02-14 22:00:00;Laptop Gamer;Eletrônicos;7500.0;1;105;Curitiba;PR
1222;2026-02-14 01:00:00;SSD 1TB;Hardware;600.0;1;127;Belo Horizonte;MG
1223;2026-02-14 00:00:00;SSD 1TB;Hardware;600.0;7;108;Rio de Janeiro;RJ
1224;2026-02-14 20:00:00;Mouse Vertical;Acessórios;249.08;5;118;Rio de Janeiro;RJ
1225;2026-02-15 18:00:00;Teclado Mecânico;Acessórios;513.75;1;103;Salvador;BA
1226;2026-02-15 06:00:00;Cadeira Gamer;Móveis;1200.0;7;148;Salvador;BA
1227;2026-02-15 03:00:00;Teclado Mecânico;Acessórios;530.8;7;102;Rio de Janeiro;RJ
1228;2026-02-15 22:00:00;Headset 7.1;Acessórios;800.0;2;128;Fortaleza;CE
1229;2026-02-15 17:00:00;SSD 1TB;Hardware;600.0;7;103;Salvador;BA
1230;2026-02-16 09:00:00;Headset 7.1;Acessórios;800.0;7;127;São Paulo;SP
1231;2026-02-16 23:00:00;Laptop Gamer;Eletrônicos;7500.0;7;103;São Paulo;SP
1232;2026-02-16 18:00:00;Placa de Vídeo;Hardware;4500.0;3;139;Belo Horizonte;MG
1233;2026-02-16 01:00:00;Mouse Vertical;Acessórios;249.49;1;143;Curitiba;PR
1234;2026-02-16 22:00:00;Monitor Ultrawide;Eletrônicos;2800.0;2;101;Rio de Janeiro;RJ
1235;2026-02-17 14:00:00;Laptop Gamer;Eletrônicos;7500.0;3;108;Porto Alegre;RS
1236;2026-02-17 03:00:00;Headset 7.1;Acessórios;800.0;4;149;Salvador;BA
1237;2026-02-17 13:00:00;Laptop Gamer;Eletrônicos;7500.0;7;116;Rio de Janeiro;RJ
1238;2026-02-17 03:00:00;Placa de Vídeo;Hardware;4500.0;7;100;Curitiba;PR
1239;2026-02-17 01:00:00;Cadeira Gamer;Móveis;1200.0;2;134;Belo Horizonte;MG
1240;2026-02-18 18:00:00;SSD 1TB;Hardware;600.0;2;122;São Paulo;SP
1241;2026-02-18 12:00:00;Mouse Vertical;Acessórios;235.11;7;141;Belo Horizonte;MG
1242;2026-02-18 07:00:00;Laptop Gamer;Eletrônicos;7500.0;4;147;Curitiba;PR
1243;2026-02-18 11:00:00;Mouse Vertical;Acessórios;246.42;6;102;Curitiba;PR
1244;2026-02-18 20:00:00;Cadeira Gamer;Móveis;1200.0;3;134;Belo Horizonte;MG
1245;2026-02-19 23:00:00;Placa de Vídeo;Hardware;4500.0;2;114;Porto Alegre;RS
1246;2026-02-19 06:00:00;Teclado Mecânico;Acessórios;546.61;7;117;Salvador;BA
1247;2026-02-19 17:00:00;Mouse Vertical;Acessórios;248.47;7;142;São Paulo;SP
1248;2026-02-19 11:00:00;Headset 7.1;Acessórios;800.0;3;109;São Paulo;SP
1249;2026-02-19 20:00:00;Placa de Vídeo;Hardware;4500.0;2;120;São Paulo;SP
1250;2026-02-20 14:00:00;Mouse Vertical;Acessórios;243.12;2;136;Salvador;BA
1251;2026-02-20 23:00:00;Mouse Vertical;Acessórios;248.22;7;119;São Paulo;SP
1252;2026-02-20 15:00:00;Mouse Vertical;Acessórios;234.16;6;117;Rio de Janeiro;RJ
1253;2026-02-20 17:00:00;Cadeira Gamer;Móveis;1200.0;2;137;Belo Horizonte;MG
1254;2026-02-20 17:00:00;Teclado Mecânico;Acessórios;534.81;5;118;São Paulo;SP
1255;2026-02-21 01:00:00;Mouse Vertical;Acessórios;230.69;4;120;Porto Alegre;RS
1256;2026-02-21 03:00:00;Mouse Vertical;Acessórios;230.77;3;102;Fortaleza;CE
1257;2026-02-21 12:00:00;Placa de Vídeo;Hardware;4500.0;1;121;Porto Alegre;RS
1258;2026-02-21 01:00:00;Teclado Mecânico;Acessórios;520.75;1;139;Fortaleza;CE
1259;2026-02-21 20:00:00;Placa de Vídeo;Hardware;4500.0;5;120;Rio de Janeiro;RJ
1260;2026-02-22 01:00:00;Placa de Vídeo;Hardware;4500.0;1;124;Salvador;BA
1261;2026-02-22 19:00:00;Mouse Vertical;Acessórios;237.81;5;130;Porto Alegre;RS
1262;2026-02-22 04:00:00;Cadeira Gamer;Móveis;1200.0;3;132;Rio de Janeiro;RJ
1263;2026-02-22 13:00:00;Teclado Mecânico;Acessórios;518.56;6;121;Porto Alegre;RS
1264;2026-02-22 17:00:00;SSD 1TB;Hardware;600.0;5;142;Fortaleza;CE
1265;2026-02-23 17:00:00;Cadeira Gamer;Móveis;1200.0;4;120;Salvador;BA
1266;2026-02-23 22:00:00;SSD 1TB;Hardware;600.0;6;139;Curitiba;PR
1267;2026-02-23 22:00:00;Mouse Vertical;Acessórios;228.25;7;119;Belo Horizonte;MG
1268;2026-02-23 05:00:00;Headset 7.1;Acessórios;800.0;2;115;Curitiba;PR
1269;2026-02-23 03:00:00;Teclado Mecânico;Acessórios;528.71;2;113;Porto Alegre;RS
1270;2026-02-24 11:00:00;Teclado Mecânico;Acessórios;504.44;4;137;São Paulo;SP
1271;2026-02-24 08:00:00;Mouse Vertical;Acessórios;239.09;6;102;Salvador;BA
1272;2026-02-24 05:00:00;Laptop Gamer;Eletrônicos;7500.0;6;123;Salvador;BA
1273;2026-02-24 22:00:00;Laptop Gamer;Eletrônicos;7500.0;7;105;Porto Alegre;RS
1274;2026-02-24 12:00:00;Mouse Vertical;Acessórios;227.62;7;112;Fortaleza;CE
1275;2026-02-25 15:00:00;Mouse Vertical;Acessórios;241.5;2;100;Salvador;BA
1276;2026-02-25 06:00:00;Teclado Mecânico;Acessórios;532.69;6;137;São Paulo;SP
1277;2026-02-25 03:00:00;Headset 7.1;Acessórios;800.0;2;109;Porto Alegre;RS
1278;2026-02-25 06:00:00;Placa de Vídeo;Hardware;4500.0;2;146;Curitiba;PR
1279;2026-02-25 14:00:00;SSD 1TB;Hardware;600.0;6;120;Curitiba;PR
1280;2026-02-26 05:00:00;Laptop Gamer;Eletrônicos;7500.0;4;107;Salvador;BA
1281;2026-02-26 01:00:00;Teclado Mecânico;Acessórios;511.36;6;111;São Paulo;SP
1282;2026-02-26 05:00:00;SSD 1TB;Hardware;600.0;7;121;Porto Alegre;RS
1283;2026-02-26 22:00:00;Laptop Gamer;Eletrônicos;7500.0;6;124;São Paulo;SP
1284;2026-02-26 12:00:00;Laptop Gamer;Eletrônicos;7500.0;3;121;Curitiba;PR
1285;2026-02-27 02:00:00;Cadeira Gamer;Móveis;1200.0;5;108;Rio de Janeiro;RJ
1286;2026-02-27 11:00:00;Mouse Vertical;Acessórios;247.91;3;119;Rio de Janeiro;RJ
1287;2026-02-27 12:00:00;SSD 1TB;Hardware;600.0;3;130;Curitiba;PR
1288;2026-02-27 08:00:00;Monitor Ultrawide;Eletrônicos;2800.0;2;123;Belo Horizonte;MG
1289;2026-02-27 11:00:00;Mouse Vertical;Acessórios;244.73;2;108;São Paulo;SP
1290;2026-02-28 11:00:00;Teclado Mecânico;Acessórios;519.24;6;115;Belo Horizonte;MG
1291;2026-02-28 22:00:00;Cadeira Gamer;Móveis;1200.0;2;142;Rio de Janeiro;RJ
1292;2026-02-28 12:00:00;Teclado Mecânico;Acessórios;519.48;2;133;Porto Alegre;RS
1293;2026-02-28 08:00:00;SSD 1TB;Hardware;600.0;1;100;Porto Alegre;RS
1294;2026-02-28 13:00:00;Cadeira Gamer;Móveis;1200.0;5;145;São Paulo;SP
1295;2026-03-01 06:00:00;Monitor Ultrawide;Eletrônicos;2800.0;4;104;Porto Alegre;RS
1296;2026-03-01 19:00:00;Cadeira Gamer;Móveis;1200.0;1;101;Porto Alegre;RS
1297;2026-03-01 19:00:00;Mouse Vertical;Acessórios;244.67;6;149;Salvador;BA
1298;2026-03-01 16:00:00;Mouse Vertical;Acessórios;225.05;5;115;Salvador;BA
1299;2026-03-01 14:00:00;Placa de Vídeo;Hardware;4500.0;2;106;Porto Alegre;RS
1300;2026-03-02 19:00:00;Laptop Gamer;Eletrônicos;7500.0;5;135;Porto Alegre;RS
1301;2026-03-02 02:00:00;Teclado Mecânico;Acessórios;509.54;7;134;Belo Horizonte;MG
1302;2026-03-02 00:00:00;Monitor Ultrawide;Eletrônicos;2800.0;2;124;São Paulo;SP
1303;2026-03-02 06:00:00;Placa de Vídeo;Hardware;4500.0;6;123;Porto Alegre;RS
1304;2026-03-02 09:00:00;Teclado Mecânico;Acessórios;514.62;2;139;Curitiba;PR
1305;2026-03-03 18:00:00;Mouse Vertical;Acessórios;250.0;6;137;Rio de Janeiro;RJ
1306;2026-03-03 22:00:00;Laptop Gamer;Eletrônicos;7500.0;3;135;São Paulo;SP
1307;2026-03-03 21:00:00;SSD 1TB;Hardware;600.0;7;115;Salvador;BA
1308;2026-03-03 12:00:00;SSD 1TB;Hardware;600.0;2;140;Fortaleza;CE
1309;2026-03-03 14:00:00;Placa de Vídeo;Hardware;4500.0;2;146;Porto Alegre;RS
1310;2026-03-04 02:00:00;Laptop Gamer;Eletrônicos;7500.0;1;147;Curitiba;PR
1311;2026-03-04 08:00:00;Placa de Vídeo;Hardware;4500.0;6;107;Belo Horizonte;MG
1312;2026-03-04 05:00:00;Cadeira Gamer;Móveis;1200.0;7;111;Salvador;BA
1313;2026-03-04 10:00:00;Teclado Mecânico;Acessórios;537.46;1;133;Rio de Janeiro;RJ
1314;2026-03-04 11:00:00;Mouse Vertical;Acessórios;242.29;5;118;Porto Alegre;RS
1315;2026-03-05 20:00:00;SSD 1TB;Hardware;600.0;5;121;Salvador;BA
1316;2026-03-05 14:00:00;Cadeira Gamer;Móveis;1200.0;5;129;Rio de Janeiro;RJ
1317;2026-03-05 15:00:00;Monitor Ultrawide;Eletrônicos;2800.0;4;128;Porto Alegre;RS
1318;2026-03-05 10:00:00;Laptop Gamer;Eletrônicos;7500.0;6;131;Curitiba;PR
1319;2026-03-05 07:00:00;Mouse Vertical;Acessórios;235.54;6;139;Salvador;BA
1320;2026-03-06 04:00:00;SSD 1TB;Hardware;600.0;5;113;Porto Alegre;RS
1321;2026-03-06 15:00:00;Laptop Gamer;Eletrônicos;7500.0;6;116;Curitiba;PR
1322;2026-03-06 02:00:00;SSD 1TB;Hardware;600.0;3;119;Rio de Janeiro;RJ
1323;2026-03-06 01:00:00;Placa de Vídeo;Hardware;4500.0;4;141;Curitiba;PR
1324;2026-03-06 22:00:00;SSD 1TB;Hardware;600.0;1;119;São Paulo;SP
1325;2026-03-07 05:00:00;SSD 1TB;Hardware;600.0;1;131;São Paulo;SP
1326;2026-03-07 05:00:00;Laptop Gamer;Eletrônicos;7500.0;3;127;Rio de Janeiro;RJ
1327;2026-03-07 10:00:00;SSD 1TB;Hardware;600.0;3;139;Salvador;BA
1328;2026-03-07 03:00:00;SSD 1TB;Hardware;600.0;3;132;Salvador;BA
1329;2026-03-07 01:00:00;Teclado Mecânico;Acessórios;499.46;5;115;Salvador;BA
1330;2026-03-08 02:00:00;Monitor Ultrawide;Eletrônicos;2800.0;6;129;São Paulo;SP
1331;2026-03-08 14:00:00;Headset 7.1;Acessórios;800.0;2;111;Rio de Janeiro;RJ
1332;2026-03-08 16:00:00;Laptop Gamer;Eletrônicos;7500.0;5;134;Rio de Janeiro;RJ
1333;2026-03-08 08:00:00;Monitor Ultrawide;Eletrônicos;2800.0;4;127;Curitiba;PR
1334;2026-03-08 14:00:00;Monitor Ultrawide;Eletrônicos;2800.0;1;123;Belo Horizonte;MG
1335;2026-03-09 17:00:00;Monitor Ultrawide;Eletrônicos;2800.0;7;114;Fortaleza;CE
1336;2026-03-09 22:00:00;Monitor Ultrawide;Eletrônicos;2800.0;5;106;São Paulo;SP
1337;2026-03-09 11:00:00;Teclado Mecânico;Acessórios;504.39;3;142;São Paulo;SP
1338;2026-03-09 09:00:00;SSD 1TB;Hardware;600.0;5;104;São Paulo;SP
1339;2026-03-09 20:00:00;Mouse Vertical;Acessórios;237.03;4;102;Fortaleza;CE
1340;2026-03-10 18:00:00;SSD 1TB;Hardware;600.0;3;131;Porto Alegre;RS
1341;2026-03-10 11:00:00;Headset 7.1;Acessórios;800.0;3;122;Curitiba;PR
1342;2026-03-10 09:00:00;Placa de Vídeo;Hardware;4500.0;6;107;Fortaleza;CE
1343;2026-03-10 13:00:00;Teclado Mecânico;Acessórios;510.73;7;141;Salvador;BA
1344;2026-03-10 14:00:00;Placa de Vídeo;Hardware;4500.0;7;140;Porto Alegre;RS
1345;2026-03-11 14:00:00;Monitor Ultrawide;Eletrônicos;2800.0;4;126;Belo Horizonte;MG
1346;2026-03-11 09:00:00;Mouse Vertical;Acessórios;243.75;3;116;São Paulo;SP
1347;2026-03-11 06:00:00;Monitor Ultrawide;Eletrônicos;2800.0;1;116;Porto Alegre;RS
1348;2026-03-11 09:00:00;Placa de Vídeo;Hardware;4500.0;2;149;Salvador;BA
1349;2026-03-11 18:00:00;SSD 1TB;Hardware;600.0;1;137;Rio de Janeiro;RJ
1350;2026-03-12 07:00:00;Mouse Vertical;Acessórios;238.62;6;122;São Paulo;SP
1351;2026-03-12 10:00:00;Placa de Vídeo;Hardware;4500.0;1;141;Belo Horizonte;MG
1352;2026-03-12 19:00:00;Cadeira Gamer;Móveis;1200.0;1;103;Belo Horizonte;MG
1353;2026-03-12 09:00:00;Monitor Ultrawide;Eletrônicos;2800.0;1;125;Curitiba;PR
1354;2026-03-12 10:00:00;Placa de Vídeo;Hardware;4500.0;4;132;São Paulo;SP
1355;2026-03-13 05:00:00;Headset 7.1;Acessórios;800.0;2;131;Curitiba;PR
1356;2026-03-13 10:00:00;Headset 7.1;Acessórios;800.0;5;130;São Paulo;SP
1357;2026-03-13 22:00:00;Headset 7.1;Acessórios;800.0;4;103;Belo Horizonte;MG
1358;2026-03-13 06:00:00;Cadeira Gamer;Móveis;1200.0;3;102;Fortaleza;CE
1359;2026-03-13 16:00:00;Teclado Mecânico;Acessórios;528.67;1;121;Salvador;BA
1360;2026-03-14 00:00:00;Mouse Vertical;Acessórios;234.09;4;131;Fortaleza;CE
1361;2026-03-14 05:00:00;Teclado Mecânico;Acessórios;543.05;3;134;Rio de Janeiro;RJ
1362;2026-03-14 20:00:00;Monitor Ultrawide;Eletrônicos;2800.0;4;122;Rio de Janeiro;RJ
1363;2026-03-14 04:00:00;Headset 7.1;Acessórios;800.0;3;140;Salvador;BA
1364;2026-03-14 04:00:00;Mouse Vertical;Acessórios;234.02;5;104;Rio de Janeiro;RJ
1365;2026-03-15 04:00:00;Cadeira Gamer;Móveis;1200.0;3;109;Fortaleza;CE
1366;2026-03-15 19:00:00;Headset 7.1;Acessórios;800.0;7;125;Porto Alegre;RS
1367;2026-03-15 03:00:00;Monitor Ultrawide;Eletrônicos;2800.0;7;140;Porto Alegre;RS
1368;2026-03-15 02:00:00;Mouse Vertical;Acessórios;249.85;6;142;Fortaleza;CE
1369;2026-03-15 11:00:00;Headset 7.1;Acessórios;800.0;4;136;Porto Alegre;RS
1370;2026-03-16 07:00:00;Headset 7.1;Acessórios;800.0;5;114;Belo Horizonte;MG
1371;2026-03-16 05:00:00;Laptop Gamer;Eletrônicos;7500.0;4;128;Salvador;BA
1372;2026-03-16 16:00:00;SSD 1TB;Hardware;600.0;1;131;Salvador;BA
1373;2026-03-16 14:00:00;Mouse Vertical;Acessórios;246.11;1;139;Porto Alegre;RS
1374;2026-03-16 11:00:00;Laptop Gamer;Eletrônicos;7500.0;3;126;Salvador;BA
1375;2026-03-17 17:00:00;Monitor Ultrawide;Eletrônicos;2800.0;6;110;Salvador;BA
1376;2026-03-17 03:00:00;Teclado Mecânico;Acessórios;509.65;5;143;Salvador;BA
1377;2026-03-17 10:00:00;SSD 1TB;Hardware;600.0;3;119;Fortaleza;CE
1378;2026-03-17 03:00:00;Laptop Gamer;Eletrônicos;7500.0;5;102;Belo Horizonte;MG
1379;2026-03-17 18:00:00;Laptop Gamer;Eletrônicos;7500.0;6;121;Rio de Janeiro;RJ
1380;2026-03-18 02:00:00;Placa de Vídeo;Hardware;4500.0;3;141;Belo Horizonte;MG
1381;2026-03-18 07:00:00;Placa de Vídeo;Hardware;4500.0;7;125;Belo Horizonte;MG
1382;2026-03-18 20:00:00;Laptop Gamer;Eletrônicos;7500.0;5;113;Rio de Janeiro;RJ
1383;2026-03-18 12:00:00;Teclado Mecânico;Acessórios;546.24;6;113;Curitiba;PR
1384;2026-03-18 13:00:00;SSD 1TB;Hardware;600.0;5;136;Belo Horizonte;MG
1385;2026-03-19 14:00:00;Laptop Gamer;Eletrônicos;7500.0;5;147;Salvador;BA
1386;2026-03-19 05:00:00;Headset 7.1;Acessórios;800.0;6;119;Rio de Janeiro;RJ
1387;2026-03-19 02:00:00;Laptop Gamer;Eletrônicos;7500.0;5;134;São Paulo;SP
1388;2026-03-19 03:00:00;Headset 7.1;Acessórios;800.0;6;101;Rio de Janeiro;RJ
1389;2026-03-19 09:00:00;Headset 7.1;Acessórios;800.0;2;143;Fortaleza;CE
1390;2026-03-20 09:00:00;Mouse Vertical;Acessórios;237.98;3;118;Belo Horizonte;MG
1391;2026-03-20 13:00:00;SSD 1TB;Hardware;600.0;3;106;Curitiba;PR
1392;2026-03-20 16:00:00;Headset 7.1;Acessórios;800.0;4;123;Rio de Janeiro;RJ
1393;2026-03-20 18:00:00;Teclado Mecânico;Acessórios;504.8;3;109;Belo Horizonte;MG
1394;2026-03-20 06:00:00;SSD 1TB;Hardware;600.0;4;107;São Paulo;SP
1395;2026-03-21 02:00:00;SSD 1TB;Hardware;600.0;5;149;Rio de Janeiro;RJ
1396;2026-03-21 01:00:00;Headset 7.1;Acessórios;800.0;2;107;Belo Horizonte;MG
1397;2026-03-21 03:00:00;Placa de Vídeo;Hardware;4500.0;1;108;Salvador;BA
1398;2026-03-21 03:00:00;Laptop Gamer;Eletrônicos;7500.0;2;110;Rio de Janeiro;RJ
1399;2026-03-21 01:00:00;SSD 1TB;Hardware;600.0;7;114;Porto Alegre;RS
1400;2026-03-22 00:00:00;SSD 1TB;Hardware;600.0;7;141;Salvador;BA
1401;2026-03-22 03:00:00;Laptop Gamer;Eletrônicos;7500.0;1;139;Rio de Janeiro;RJ
1402;2026-03-22 18:00:00;Teclado Mecânico;Acessórios;524.36;6;136;Fortaleza;CE
1403;2026-03-22 00:00:00;Teclado Mecânico;Acessórios;512.94;4;113;Rio de Janeiro;RJ
1404;2026-03-22 10:00:00;Monitor Ultrawide;Eletrônicos;2800.0;2;147;Porto Alegre;RS
1405;2026-03-23 04:00:00;Cadeira Gamer;Móveis;1200.0;6;133;Salvador;BA
1406;2026-03-23 11:00:00;Monitor Ultrawide;Eletrônicos;2800.0;3;133;Curitiba;PR
1407;2026-03-23 03:00:00;Headset 7.1;Acessórios;800.0;5;135;São Paulo;SP
1408;2026-03-23 05:00:00;Laptop Gamer;Eletrônicos;7500.0;5;111;São Paulo;SP
1409;2026-03-23 00:00:00;Mouse Vertical;Acessórios;227.33;3;108;Porto Alegre;RS
1410;2026-03-24 18:00:00;Laptop Gamer;Eletrônicos;7500.0;3;103;Curitiba;PR
1411;2026-03-24 22:00:00;Headset 7.1;Acessórios;800.0;5;119;Rio de Janeiro;RJ
1412;2026-03-24 08:00:00;Cadeira Gamer;Móveis;1200.0;5;130;São Paulo;SP
1413;2026-03-24 02:00:00;SSD 1TB;Hardware;600.0;4;140;Curitiba;PR
1414;2026-03-24 05:00:00;Placa de Vídeo;Hardware;4500.0;6;129;Curitiba;PR
1415;2026-03-25 21:00:00;Teclado Mecânico;Acessórios;513.15;3;106;Salvador;BA
1416;2026-03-25 01:00:00;Placa de Vídeo;Hardware;4500.0;3;129;Salvador;BA
1417;2026-03-25 10:00:00;Headset 7.1;Acessórios;800.0;3;136;São Paulo;SP
1418;2026-03-25 13:00:00;Monitor Ultrawide;Eletrônicos;2800.0;1;113;Salvador;BA
1419;2026-03-25 10:00:00;Monitor Ultrawide;Eletrônicos;2800.0;1;134;Fortaleza;CE
1420;2026-03-26 13:00:00;Teclado Mecânico;Acessórios;525.09;3;145;Porto Alegre;RS
1421;2026-03-26 00:00:00;SSD 1TB;Hardware;600.0;5;114;Porto Alegre;RS
1422;2026-03-26 19:00:00;Mouse Vertical;Acessórios;236.52;7;125;Salvador;BA
1423;2026-03-26 20:00:00;Mouse Vertical;Acessórios;233.38;6;100;Fortaleza;CE
1424;2026-03-26 10:00:00;Mouse Vertical;Acessórios;247.99;3;138;Rio de Janeiro;RJ
1425;2026-03-27 13:00:00;Laptop Gamer;Eletrônicos;7500.0;6;128;Rio de Janeiro;RJ
1426;2026-03-27 23:00:00;Mouse Vertical;Acessórios;234.14;1;139;Belo Horizonte;MG
1427;2026-03-27 19:00:00;Laptop Gamer;Eletrônicos;7500.0;4;132;Porto Alegre;RS
1428;2026-03-27 01:00:00;Cadeira Gamer;Móveis;1200.0;1;130;Rio de Janeiro;RJ
1429;2026-03-27 20:00:00;Cadeira Gamer;Móveis;1200.0;4;136;Belo Horizonte;MG
1430;2026-03-28 01:00:00;Placa de Vídeo;Hardware;4500.0;2;121;Belo Horizonte;MG
1431;2026-03-28 18:00:00;SSD 1TB;Hardware;600.0;5;113;São Paulo;SP
1432;2026-03-28 16:00:00;Headset 7.1;Acessórios;800.0;5;127;Belo Horizonte;MG
1433;2026-03-28 22:00:00;Mouse Vertical;Acessórios;228.49;4;126;Fortaleza;CE
1434;2026-03-28 01:00:00;Teclado Mecânico;Acessórios;544.1;6;149;Belo Horizonte;MG
1435;2026-03-29 10:00:00;SSD 1TB;Hardware;600.0;1;143;Rio de Janeiro;RJ
1436;2026-03-29 16:00:00;Placa de Vídeo;Hardware;4500.0;4;149;Curitiba;PR
1437;2026-03-29 18:00:00;Monitor Ultrawide;Eletrônicos;2800.0;1;101;Porto Alegre;RS
1438;2026-03-29 18:00:00;Headset 7.1;Acessórios;800.0;6;147;Curitiba;PR
1439;2026-03-29 16:00:00;Cadeira Gamer;Móveis;1200.0;1;109;Belo Horizonte;MG
1440;2026-03-30 13:00:00;Placa de Vídeo;Hardware;4500.0;7;103;Porto Alegre;RS
1441;2026-03-30 19:00:00;Placa de Vídeo;Hardware;4500.0;4;130;Rio de Janeiro;RJ
1442;2026-03-30 06:00:00;Headset 7.1;Acessórios;800.0;2;144;São Paulo;SP
1443;2026-03-30 15:00:00;Monitor Ultrawide;Eletrônicos;2800.0;3;142;Fortaleza;CE
1444;2026-03-30 15:00:00;Teclado Mecânico;Acessórios;537.27;1;131;Curitiba;PR
1445;2026-03-31 12:00:00;SSD 1TB;Hardware;600.0;5;114;Porto Alegre;RS
1446;2026-03-31 06:00:00;Laptop Gamer;Eletrônicos;7500.0;2;108;São Paulo;SP
1447;2026-03-31 05:00:00;Mouse Vertical;Acessórios;238.94;1;113;São Paulo;SP
1448;2026-03-31 22:00:00;Placa de Vídeo;Hardware;4500.0;5;121;Salvador;BA
1449;2026-03-31 22:00:00;Laptop Gamer;Eletrônicos;7500.0;1;125;Fortaleza;CE
1450;2026-04-01 01:00:00;Mouse Vertical;Acessórios;228.04;7;132;Fortaleza;CE
1451;2026-04-01 14:00:00;Monitor Ultrawide;Eletrônicos;2800.0;3;134;Porto Alegre;RS
1452;2026-04-01 10:00:00;Monitor Ultrawide;Eletrônicos;2800.0;3;148;Rio de Janeiro;RJ
1453;2026-04-01 08:00:00;Cadeira Gamer;Móveis;1200.0;3;102;Belo Horizonte;MG
1454;2026-04-01 18:00:00;Laptop Gamer;Eletrônicos;7500.0;6;104;São Paulo;SP
1455;2026-04-02 03:00:00;Teclado Mecânico;Acessórios;513.29;1;130;Fortaleza;CE
1456;2026-04-02 03:00:00;Monitor Ultrawide;Eletrônicos;2800.0;4;137;Porto Alegre;RS
1457;2026-04-02 02:00:00;Monitor Ultrawide;Eletrônicos;2800.0;4;131;Belo Horizonte;MG
1458;2026-04-02 23:00:00;Headset 7.1;Acessórios;800.0;3;115;Belo Horizonte;MG
1459;2026-04-02 04:00:00;Placa de Vídeo;Hardware;4500.0;7;139;São Paulo;SP
1460;2026-04-03 14:00:00;Laptop Gamer;Eletrônicos;7500.0;2;130;Fortaleza;CE
1461;2026-04-03 16:00:00;Cadeira Gamer;Móveis;1200.0;2;127;Salvador;BA
1462;2026-04-03 04:00:00;Laptop Gamer;Eletrônicos;7500.0;5;107;Fortaleza;CE
1463;2026-04-03 20:00:00;Teclado Mecânico;Acessórios;548.32;1;131;Salvador;BA
1464;2026-04-03 22:00:00;Monitor Ultrawide;Eletrônicos;2800.0;7;132;Salvador;BA
1465;2026-04-04 05:00:00;Monitor Ultrawide;Eletrônicos;2800.0;4;139;Rio de Janeiro;RJ
1466;2026-04-04 17:00:00;Monitor Ultrawide;Eletrônicos;2800.0;2;130;Curitiba;PR
1467;2026-04-04 23:00:00;Laptop Gamer;Eletrônicos;7500.0;5;118;Curitiba;PR
1468;2026-04-04 00:00:00;Teclado Mecânico;Acessórios;531.62;3;123;Fortaleza;CE
1469;2026-04-04 08:00:00;Headset 7.1;Acessórios;800.0;1;128;São Paulo;SP
1470;2026-04-05 15:00:00;SSD 1TB;Hardware;600.0;6;119;Salvador;BA
1471;2026-04-05 09:00:00;Monitor Ultrawide;Eletrônicos;2800.0;4;135;Rio de Janeiro;RJ
1472;2026-04-05 22:00:00;Placa de Vídeo;Hardware;4500.0;3;131;Salvador;BA
1473;2026-04-05 11:00:00;Monitor Ultrawide;Eletrônicos;2800.0;6;121;Rio de Janeiro;RJ
1474;2026-04-05 07:00:00;Headset 7.1;Acessórios;800.0;5;130;Fortaleza;CE
1475;2026-04-06 14:00:00;SSD 1TB;Hardware;600.0;5;130;Fortaleza;CE
1476;2026-04-06 10:00:00;Laptop Gamer;Eletrônicos;7500.0;4;146;Fortaleza;CE
1477;2026-04-06 00:00:00;Laptop Gamer;Eletrônicos;7500.0;2;129;Salvador;BA
1478;2026-04-06 03:00:00;SSD 1TB;Hardware;600.0;3;144;Fortaleza;CE
1479;2026-04-06 19:00:00;Headset 7.1;Acessórios;800.0;7;134;São Paulo;SP
1480;2026-04-07 09:00:00;Headset 7.1;Acessórios;800.0;3;135;Porto Alegre;RS
1481;2026-04-07 00:00:00;Monitor Ultrawide;Eletrônicos;2800.0;1;136;Curitiba;PR
1482;2026-04-07 08:00:00;Monitor Ultrawide;Eletrônicos;2800.0;2;148;Porto Alegre;RS
1483;2026-04-07 02:00:00;SSD 1TB;Hardware;600.0;2;103;Fortaleza;CE
1484;2026-04-07 15:00:00;Mouse Vertical;Acessórios;241.8;2;145;Salvador;BA
1485;2026-04-08 13:00:00;Monitor Ultrawide;Eletrônicos;2800.0;1;124;Porto Alegre;RS
1486;2026-04-08 05:00:00;Cadeira Gamer;Móveis;1200.0;5;108;Belo Horizonte;MG
1487;2026-04-08 20:00:00;Teclado Mecânico;Acessórios;512.97;3;118;Curitiba;PR
1488;2026-04-08 00:00:00;Teclado Mecânico;Acessórios;513.09;3;126;Rio de Janeiro;RJ
1489;2026-04-08 03:00:00;Teclado Mecânico;Acessórios;548.64;3;117;Salvador;BA
1490;2026-04-09 19:00:00;Monitor Ultrawide;Eletrônicos;2800.0;4;115;Fortaleza;CE
1491;2026-04-09 15:00:00;Headset 7.1;Acessórios;800.0;1;149;Porto Alegre;RS
1492;2026-04-09 15:00:00;Placa de Vídeo;Hardware;4500.0;4;136;Porto Alegre;RS
1493;2026-04-09 23:00:00;SSD 1TB;Hardware;600.0;5;127;Fortaleza;CE
1494;2026-04-09 06:00:00;Cadeira Gamer;Móveis;1200.0;3;107;Porto Alegre;RS
1495;2026-04-10 02:00:00;Laptop Gamer;Eletrônicos;7500.0;6;123;Rio de Janeiro;RJ
1496;2026-04-10 19:00:00;SSD 1TB;Hardware;600.0;3;109;Rio de Janeiro;RJ
1497;2026-04-10 18:00:00;Headset 7.1;Acessórios;800.0;7;119;Curitiba;PR
1498;2026-04-10 16:00:00;Monitor Ultrawide;Eletrônicos;2800.0;2;103;Fortaleza;CE
1499;2026-04-10 22:00:00;Monitor Ultrawide;Eletrônicos;2800.0;3;143;Rio de Janeiro;RJ
1500;2026-04-11 13:00:00;Headset 7.1;Acessórios;800.0;3;139;Curitiba;PR
1501;2026-04-11 19:00:00;Laptop Gamer;Eletrônicos;7500.0;4;108;Fortaleza;CE
1502;2026-04-11 13:00:00;Monitor Ultrawide;Eletrônicos;2800.0;3;140;Fortaleza;CE
1503;2026-04-11 12:00:00;Placa de Vídeo;Hardware;4500.0;1;117;Porto Alegre;RS
1504;2026-04-11 08:00:00;Headset 7.1;Acessórios;800.0;2;135;São Paulo;SP
1505;2026-04-12 01:00:00;SSD 1TB;Hardware;600.0;5;134;Salvador;BA
1506;2026-04-12 10:00:00;Headset 7.1;Acessórios;800.0;2;116;Porto Alegre;RS
1507;2026-04-12 15:00:00;Cadeira Gamer;Móveis;1200.0;6;136;Curitiba;PR
1508;2026-04-12 06:00:00;Teclado Mecânico;Acessórios;503.01;4;103;São Paulo;SP
1509;2026-04-12 23:00:00;Mouse Vertical;Acessórios;239.37;6;135;São Paulo;SP
1510;2026-04-13 09:00:00;Headset 7.1;Acessórios;800.0;2;118;Curitiba;PR
1511;2026-04-13 07:00:00;SSD 1TB;Hardware;600.0;7;146;Salvador;BA
1512;2026-04-13 07:00:00;Placa de Vídeo;Hardware;4500.0;2;103;Rio de Janeiro;RJ
1513;2026-04-13 03:00:00;Teclado Mecânico;Acessórios;495.26;2;101;Fortaleza;CE
1514;2026-04-13 10:00:00;SSD 1TB;Hardware;600.0;7;132;Curitiba;PR
1515;2026-04-14 08:00:00;Monitor Ultrawide;Eletrônicos;2800.0;7;136;Belo Horizonte;MG
1516;2026-04-14 06:00:00;SSD 1TB;Hardware;600.0;1;111;Belo Horizonte;MG
1517;2026-04-14 16:00:00;Teclado Mecânico;Acessórios;514.71;6;114;São Paulo;SP
1518;2026-04-14 00:00:00;Mouse Vertical;Acessórios;244.75;2;140;Curitiba;PR
1519;2026-04-14 04:00:00;Cadeira Gamer;Móveis;1200.0;2;145;Salvador;BA
1520;2026-04-15 13:00:00;SSD 1TB;Hardware;600.0;4;139;São Paulo;SP
1521;2026-04-15 14:00:00;SSD 1TB;Hardware;600.0;4;101;Belo Horizonte;MG
1522;2026-04-15 19:00:00;Headset 7.1;Acessórios;800.0;7;110;Belo Horizonte;MG
1523;2026-04-15 13:00:00;SSD 1TB;Hardware;600.0;7;124;Porto Alegre;RS
1524;2026-04-15 12:00:00;Headset 7.1;Acessórios;800.0;3;134;Fortaleza;CE
1525;2026-04-16 23:00:00;Placa de Vídeo;Hardware;4500.0;6;126;Belo Horizonte;MG
1526;2026-04-16 10:00:00;Monitor Ultrawide;Eletrônicos;2800.0;6;129;Salvador;BA
1527;2026-04-16 20:00:00;Monitor Ultrawide;Eletrônicos;2800.0;3;145;São Paulo;SP
1528;2026-04-16 00:00:00;Placa de Vídeo;Hardware;4500.0;6;118;Porto Alegre;RS
1529;2026-04-16 07:00:00;Mouse Vertical;Acessórios;238.89;7;138;Salvador;BA
1530;2026-04-17 15:00:00;Teclado Mecânico;Acessórios;529.58;4;127;Salvador;BA
1531;2026-04-17 14:00:00;SSD 1TB;Hardware;600.0;4;125;Curitiba;PR
1532;2026-04-17 16:00:00;Cadeira Gamer;Móveis;1200.0;5;107;Fortaleza;CE
1533;2026-04-17 03:00:00;Cadeira Gamer;Móveis;1200.0;4;122;Belo Horizonte;MG
1534;2026-04-17 16:00:00;Headset 7.1;Acessórios;800.0;6;143;Fortaleza;CE
1535;2026-04-18 18:00:00;Placa de Vídeo;Hardware;4500.0;3;126;Fortaleza;CE
1536;2026-04-18 01:00:00;Placa de Vídeo;Hardware;4500.0;2;121;Salvador;BA
1537;2026-04-18 14:00:00;Monitor Ultrawide;Eletrônicos;2800.0;3;120;Belo Horizonte;MG
1538;2026-04-18 21:00:00;Headset 7.1;Acessórios;800.0;3;146;Fortaleza;CE
1539;2026-04-18 06:00:00;Placa de Vídeo;Hardware;4500.0;2;122;Belo Horizonte;MG
1540;2026-04-19 05:00:00;Mouse Vertical;Acessórios;247.52;6;139;Curitiba;PR
1541;2026-04-19 21:00:00;Teclado Mecânico;Acessórios;507.94;4;136;Porto Alegre;RS
1542;2026-04-19 04:00:00;Monitor Ultrawide;Eletrônicos;2800.0;2;123;Rio de Janeiro;RJ
1543;2026-04-19 17:00:00;Laptop Gamer;Eletrônicos;7500.0;7;146;Salvador;BA
1544;2026-04-19 14:00:00;Laptop Gamer;Eletrônicos;7500.0;4;131;Salvador;BA
1545;2026-04-20 07:00:00;Mouse Vertical;Acessórios;243.77;6;123;Fortaleza;CE
1546;2026-04-20 12:00:00;Laptop Gamer;Eletrônicos;7500.0;2;126;Curitiba;PR
1547;2026-04-20 16:00:00;Headset 7.1;Acessórios;800.0;3;104;Porto Alegre;RS
1548;2026-04-20 15:00:00;Laptop Gamer;Eletrônicos;7500.0;1;112;São Paulo;SP
1549;2026-04-20 02:00:00;Laptop Gamer;Eletrônicos;7500.0;5;136;Fortaleza;CE
1550;2026-04-21 16:00:00;Headset 7.1;Acessórios;800.0;3;145;Rio de Janeiro;RJ
1551;2026-04-21 12:00:00;Mouse Vertical;Acessórios;225.0;4;137;Fortaleza;CE
1552;2026-04-21 02:00:00;SSD 1TB;Hardware;600.0;6;106;Curitiba;PR
1553;2026-04-21 11:00:00;Cadeira Gamer;Móveis;1200.0;7;135;Porto Alegre;RS
1554;2026-04-21 15:00:00;Teclado Mecânico;Acessórios;500.99;5;111;Curitiba;PR
1555;2026-04-22 06:00:00;Cadeira Gamer;Móveis;1200.0;5;149;Rio de Janeiro;RJ
1556;2026-04-22 01:00:00;Placa de Vídeo;Hardware;4500.0;1;122;Fortaleza;CE
1557;2026-04-22 20:00:00;Placa de Vídeo;Hardware;4500.0;7;138;Belo Horizonte;MG
1558;2026-04-22 07:00:00;SSD 1TB;Hardware;600.0;2;114;São Paulo;SP
1559;2026-04-22 19:00:00;SSD 1TB;Hardware;600.0;6;128;Rio de Janeiro;RJ
1560;2026-04-23 07:00:00;SSD 1TB;Hardware;600.0;2;135;Rio de Janeiro;RJ
1561;2026-04-23 00:00:00;Mouse Vertical;Acessórios;233.33;3;122;Curitiba;PR
1562;2026-04-23 06:00:00;Teclado Mecânico;Acessórios;535.39;1;144;São Paulo;SP
1563;2026-04-23 06:00:00;Placa de Vídeo;Hardware;4500.0;7;113;Curitiba;PR
1564;2026-04-23 15:00:00;Teclado Mecânico;Acessórios;512.04;3;148;Curitiba;PR
1565;2026-04-24 00:00:00;SSD 1TB;Hardware;600.0;1;127;Belo Horizonte;MG
1566;2026-04-24 01:00:00;SSD 1TB;Hardware;600.0;3;104;Porto Alegre;RS
1567;2026-04-24 16:00:00;Mouse Vertical;Acessórios;237.68;7;144;São Paulo;SP
1568;2026-04-24 11:00:00;Teclado Mecânico;Acessórios;495.66;3;104;Fortaleza;CE
1569;2026-04-24 03:00:00;Laptop Gamer;Eletrônicos;7500.0;6;124;Belo Horizonte;MG
1570;2026-04-25 14:00:00;Teclado Mecânico;Acessórios;526.09;1;103;Belo Horizonte;MG
1571;2026-04-25 16:00:00;Laptop Gamer;Eletrônicos;7500.0;4;145;Belo Horizonte;MG
1572;2026-04-25 22:00:00;Cadeira Gamer;Móveis;1200.0;4;120;Curitiba;PR
1573;2026-04-25 06:00:00;Laptop Gamer;Eletrônicos;7500.0;5;105;Fortaleza;CE
1574;2026-04-25 03:00:00;Monitor Ultrawide;Eletrônicos;2800.0;7;118;Rio de Janeiro;RJ
1575;2026-04-26 01:00:00;Placa de Vídeo;Hardware;4500.0;2;108;Salvador;BA
1576;2026-04-26 19:00:00;Cadeira Gamer;Móveis;1200.0;2;125;Salvador;BA
1577;2026-04-26 00:00:00;Teclado Mecânico;Acessórios;534.8;7;101;Rio de Janeiro;RJ
1578;2026-04-26 23:00:00;Placa de Vídeo;Hardware;4500.0;2;146;Porto Alegre;RS
1579;2026-04-26 04:00:00;Cadeira Gamer;Móveis;1200.0;4;102;São Paulo;SP
1580;2026-04-27 10:00:00;Mouse Vertical;Acessórios;236.51;2;147;Porto Alegre;RS
1581;2026-04-27 03:00:00;SSD 1TB;Hardware;600.0;6;136;Curitiba;PR
1582;2026-04-27 08:00:00;Cadeira Gamer;Móveis;1200.0;7;108;Salvador;BA
1583;2026-04-27 20:00:00;Teclado Mecânico;Acessórios;509.18;5;103;Rio de Janeiro;RJ
1584;2026-04-27 05:00:00;Teclado Mecânico;Acessórios;509.46;2;127;Rio de Janeiro;RJ
1585;2026-04-28 15:00:00;Monitor Ultrawide;Eletrônicos;2800.0;7;108;São Paulo;SP
1586;2026-04-28 22:00:00;Monitor Ultrawide;Eletrônicos;2800.0;2;137;Salvador;BA
1587;2026-04-28 09:00:00;Mouse Vertical;Acessórios;234.05;1;113;São Paulo;SP
1588;2026-04-28 17:00:00;Teclado Mecânico;Acessórios;522.24;5;103;Salvador;BA
1589;2026-04-28 02:00:00;Teclado Mecânico;Acessórios;512.17;2;136;Rio de Janeiro;RJ
1590;2026-04-29 23:00:00;Teclado Mecânico;Acessórios;532.82;4;124;Fortaleza;CE
1591;2026-04-29 05:00:00;SSD 1TB;Hardware;600.0;1;132;São Paulo;SP
1592;2026-04-29 21:00:00;Laptop Gamer;Eletrônicos;7500.0;2;148;São Paulo;SP
1593;2026-04-29 05:00:00;SSD 1TB;Hardware;600.0;2;101;Fortaleza;CE
1594;2026-04-29 14:00:00;Teclado Mecânico;Acessórios;503.28;3;103;São Paulo;SP
1595;2026-04-30 13:00:00;Teclado Mecânico;Acessórios;526.77;3;107;Porto Alegre;RS
1596;2026-04-30 01:00:00;Placa de Vídeo;Hardware;4500.0;5;132;Belo Horizonte;MG
1597;2026-04-30 15:00:00;Laptop Gamer;Eletrônicos;7500.0;1;124;São Paulo;SP
1598;2026-04-30 00:00:00;Mouse Vertical;Acessórios;230.96;6;127;Porto Alegre;RS
1599;2026-04-30 07:00:00;Headset 7.1;Acessórios;800.0;1;140;Salvador;BA
1600;2026-05-01 01:00:00;Cadeira Gamer;Móveis;1200.0;1;139;Curitiba;PR
1601;2026-05-01 04:00:00;Laptop Gamer;Eletrônicos;7500.0;4;120;Belo Horizonte;MG
1602;2026-05-01 14:00:00;Cadeira Gamer;Móveis;1200.0;4;107;Salvador;BA
1603;2026-05-01 14:00:00;Monitor Ultrawide;Eletrônicos;2800.0;7;142;Fortaleza;CE
1604;2026-05-01 12:00:00;Laptop Gamer;Eletrônicos;7500.0;7;101;Salvador;BA
1605;2026-05-02 01:00:00;Teclado Mecânico;Acessórios;536.32;5;112;Curitiba;PR
1606;2026-05-02 14:00:00;SSD 1TB;Hardware;600.0;3;100;Belo Horizonte;MG
1607;2026-05-02 07:00:00;Teclado Mecânico;Acessórios;510.69;3;122;Belo Horizonte;MG
1608;2026-05-02 07:00:00;SSD 1TB;Hardware;600.0;4;116;Belo Horizonte;MG
1609;2026-05-02 17:00:00;Laptop Gamer;Eletrônicos;7500.0;7;138;Porto Alegre;RS
1610;2026-05-03 06:00:00;Mouse Vertical;Acessórios;241.53;6;123;Fortaleza;CE
1611;2026-05-03 10:00:00;Cadeira Gamer;Móveis;1200.0;7;110;Belo Horizonte;MG
1612;2026-05-03 17:00:00;Placa de Vídeo;Hardware;4500.0;4;149;Fortaleza;CE
1613;2026-05-03 00:00:00;Teclado Mecânico;Acessórios;528.68;7;130;Salvador;BA
1614;2026-05-03 04:00:00;Laptop Gamer;Eletrônicos;7500.0;1;147;São Paulo;SP
1615;2026-05-04 18:00:00;Monitor Ultrawide;Eletrônicos;2800.0;1;124;Fortaleza;CE
1616;2026-05-04 22:00:00;Mouse Vertical;Acessórios;244.04;5;120;Belo Horizonte;MG
1617;2026-05-04 01:00:00;Cadeira Gamer;Móveis;1200.0;2;144;Porto Alegre;RS
1618;2026-05-04 09:00:00;Monitor Ultrawide;Eletrônicos;2800.0;1;116;Belo Horizonte;MG
1619;2026-05-04 09:00:00;Headset 7.1;Acessórios;800.0;1;119;Rio de Janeiro;RJ
1620;2026-05-05 20:00:00;Headset 7.1;Acessórios;800.0;4;136;Fortaleza;CE
1621;2026-05-05 17:00:00;Laptop Gamer;Eletrônicos;7500.0;6;138;Rio de Janeiro;RJ
1622;2026-05-05 08:00:00;Mouse Vertical;Acessórios;243.78;2;145;São Paulo;SP
1623;2026-05-05 20:00:00;Mouse Vertical;Acessórios;238.47;5;117;São Paulo;SP
1624;2026-05-05 07:00:00;Cadeira Gamer;Móveis;1200.0;2;139;Salvador;BA
1625;2026-05-06 21:00:00;Placa de Vídeo;Hardware;4500.0;2;109;Rio de Janeiro;RJ
1626;2026-05-06 05:00:00;Teclado Mecânico;Acessórios;495.68;4;122;Porto Alegre;RS
1627;2026-05-06 19:00:00;SSD 1TB;Hardware;600.0;1;149;Belo Horizonte;MG
1628;2026-05-06 10:00:00;SSD 1TB;Hardware;600.0;1;142;Porto Alegre;RS
1629;2026-05-06 10:00:00;Headset 7.1;Acessórios;800.0;5;123;Rio de Janeiro;RJ
1630;2026-05-07 19:00:00;Monitor Ultrawide;Eletrônicos;2800.0;5;133;São Paulo;SP
1631;2026-05-07 22:00:00;Teclado Mecânico;Acessórios;542.02;6;126;Curitiba;PR
1632;2026-05-07 02:00:00;Monitor Ultrawide;Eletrônicos;2800.0;3;143;Porto Alegre;RS
1633;2026-05-07 21:00:00;SSD 1TB;Hardware;600.0;3;131;Rio de Janeiro;RJ
1634;2026-05-07 21:00:00;Cadeira Gamer;Móveis;1200.0;2;133;Salvador;BA
1635;2026-05-08 10:00:00;Placa de Vídeo;Hardware;4500.0;7;149;São Paulo;SP
1636;2026-05-08 09:00:00;Monitor Ultrawide;Eletrônicos;2800.0;3;125;São Paulo;SP
1637;2026-05-08 10:00:00;Cadeira Gamer;Móveis;1200.0;5;133;Rio de Janeiro;RJ
1638;2026-05-08 00:00:00;Laptop Gamer;Eletrônicos;7500.0;1;130;Curitiba;PR
1639;2026-05-08 23:00:00;Mouse Vertical;Acessórios;243.26;7;107;Rio de Janeiro;RJ
1640;2026-05-09 08:00:00;Teclado Mecânico;Acessórios;547.07;1;116;São Paulo;SP
1641;2026-05-09 21:00:00;Teclado Mecânico;Acessórios;545.95;2;107;Porto Alegre;RS
1642;2026-05-09 13:00:00;Teclado Mecânico;Acessórios;522.5;1;108;Belo Horizonte;MG
1643;2026-05-09 02:00:00;Monitor Ultrawide;Eletrônicos;2800.0;6;111;Fortaleza;CE
1644;2026-05-09 16:00:00;Laptop Gamer;Eletrônicos;7500.0;6;103;São Paulo;SP
1645;2026-05-10 22:00:00;Laptop Gamer;Eletrônicos;7500.0;7;147;Salvador;BA
1646;2026-05-10 05:00:00;Mouse Vertical;Acessórios;227.87;6;139;São Paulo;SP
1647;2026-05-10 15:00:00;Teclado Mecânico;Acessórios;495.83;5;134;São Paulo;SP
1648;2026-05-10 00:00:00;Placa de Vídeo;Hardware;4500.0;4;106;Salvador;BA
1649;2026-05-10 03:00:00;Teclado Mecânico;Acessórios;500.56;4;127;Rio de Janeiro;RJ
1650;2026-05-11 05:00:00;Cadeira Gamer;Móveis;1200.0;1;114;São Paulo;SP
1651;2026-05-11 01:00:00;Teclado Mecânico;Acessórios;546.16;4;114;Salvador;BA
1652;2026-05-11 17:00:00;Headset 7.1;Acessórios;800.0;1;102;Curitiba;PR
1653;2026-05-11 21:00:00;SSD 1TB;Hardware;600.0;2;138;Curitiba;PR
1654;2026-05-11 07:00:00;Placa de Vídeo;Hardware;4500.0;5;126;São Paulo;SP
1655;2026-05-12 07:00:00;Mouse Vertical;Acessórios;229.85;7;109;Curitiba;PR
1656;2026-05-12 13:00:00;Placa de Vídeo;Hardware;4500.0;1;136;Salvador;BA
1657;2026-05-12 03:00:00;Cadeira Gamer;Móveis;1200.0;4;111;Salvador;BA
1658;2026-05-12 16:00:00;Monitor Ultrawide;Eletrônicos;2800.0;7;141;Fortaleza;CE
1659;2026-05-12 19:00:00;Laptop Gamer;Eletrônicos;7500.0;3;145;São Paulo;SP
1660;2026-05-13 08:00:00;Cadeira Gamer;Móveis;1200.0;2;111;Rio de Janeiro;RJ
1661;2026-05-13 11:00:00;Placa de Vídeo;Hardware;4500.0;1;148;Belo Horizonte;MG
1662;2026-05-13 16:00:00;SSD 1TB;Hardware;600.0;7;125;Curitiba;PR
1663;2026-05-13 23:00:00;SSD 1TB;Hardware;600.0;3;108;Curitiba;PR
1664;2026-05-13 22:00:00;SSD 1TB;Hardware;600.0;2;117;Porto Alegre;RS
1665;2026-05-14 01:00:00;Headset 7.1;Acessórios;800.0;3;105;Salvador;BA
1666;2026-05-14 20:00:00;Teclado Mecânico;Acessórios;543.83;2;139;Rio de Janeiro;RJ
1667;2026-05-14 14:00:00;Mouse Vertical;Acessórios;227.16;7;108;São Paulo;SP
1668;2026-05-14 04:00:00;Placa de Vídeo;Hardware;4500.0;2;102;Porto Alegre;RS
1669;2026-05-14 10:00:00;Laptop Gamer;Eletrônicos;7500.0;1;124;Porto Alegre;RS
1670;2026-05-15 06:00:00;Monitor Ultrawide;Eletrônicos;2800.0;4;124;Fortaleza;CE
1671;2026-05-15 10:00:00;Placa de Vídeo;Hardware;4500.0;6;109;Porto Alegre;RS
1672;2026-05-15 04:00:00;Mouse Vertical;Acessórios;247.65;2;124;Rio de Janeiro;RJ
1673;2026-05-15 23:00:00;Laptop Gamer;Eletrônicos;7500.0;5;131;Curitiba;PR
1674;2026-05-15 04:00:00;Monitor Ultrawide;Eletrônicos;2800.0;6;145;Fortaleza;CE
1675;2026-05-16 11:00:00;Mouse Vertical;Acessórios;245.83;6;132;Curitiba;PR
1676;2026-05-16 07:00:00;Placa de Vídeo;Hardware;4500.0;5;137;São Paulo;SP
1677;2026-05-16 11:00:00;SSD 1TB;Hardware;600.0;1;134;Porto Alegre;RS
1678;2026-05-16 14:00:00;Teclado Mecânico;Acessórios;503.68;2;101;Curitiba;PR
1679;2026-05-16 18:00:00;Cadeira Gamer;Móveis;1200.0;2;125;Rio de Janeiro;RJ
1680;2026-05-17 05:00:00;Cadeira Gamer;Móveis;1200.0;2;133;Rio de Janeiro;RJ
1681;2026-05-17 00:00:00;Mouse Vertical;Acessórios;236.71;7;128;Curitiba;PR
1682;2026-05-17 01:00:00;Mouse Vertical;Acessórios;243.04;4;129;São Paulo;SP
1683;2026-05-17 03:00:00;Mouse Vertical;Acessórios;246.73;1;143;Rio de Janeiro;RJ
1684;2026-05-17 15:00:00;Monitor Ultrawide;Eletrônicos;2800.0;5;110;Salvador;BA
1685;2026-05-18 15:00:00;Monitor Ultrawide;Eletrônicos;2800.0;3;130;Salvador;BA
1686;2026-05-18 05:00:00;Headset 7.1;Acessórios;800.0;7;109;Rio de Janeiro;RJ
1687;2026-05-18 05:00:00;SSD 1TB;Hardware;600.0;3;147;Salvador;BA
1688;2026-05-18 15:00:00;Monitor Ultrawide;Eletrônicos;2800.0;3;120;Porto Alegre;RS
1689;2026-05-18 08:00:00;Mouse Vertical;Acessórios;247.51;2;115;Curitiba;PR
1690;2026-05-19 07:00:00;SSD 1TB;Hardware;600.0;5;126;Rio de Janeiro;RJ
1691;2026-05-19 14:00:00;Teclado Mecânico;Acessórios;506.51;4;113;Porto Alegre;RS
1692;2026-05-19 16:00:00;Monitor Ultrawide;Eletrônicos;2800.0;3;130;Porto Alegre;RS
1693;2026-05-19 05:00:00;SSD 1TB;Hardware;600.0;3;114;Salvador;BA
1694;2026-05-19 09:00:00;Monitor Ultrawide;Eletrônicos;2800.0;3;101;Salvador;BA
1695;2026-05-20 00:00:00;Laptop Gamer;Eletrônicos;7500.0;7;143;Rio de Janeiro;RJ
1696;2026-05-20 13:00:00;Laptop Gamer;Eletrônicos;7500.0;3;102;Salvador;BA
1697;2026-05-20 06:00:00;Headset 7.1;Acessórios;800.0;5;125;Porto Alegre;RS
1698;2026-05-20 17:00:00;Monitor Ultrawide;Eletrônicos;2800.0;3;122;Salvador;BA
1699;2026-05-20 05:00:00;SSD 1TB;Hardware;600.0;6;132;São Paulo;SP
1700;2026-05-21 10:00:00;Teclado Mecânico;Acessórios;542.98;5;142;São Paulo;SP
1701;2026-05-21 04:00:00;SSD 1TB;Hardware;600.0;6;108;Belo Horizonte;MG
1702;2026-05-21 16:00:00;Monitor Ultrawide;Eletrônicos;2800.0;2;138;São Paulo;SP
1703;2026-05-21 09:00:00;Placa de Vídeo;Hardware;4500.0;1;101;Porto Alegre;RS
1704;2026-05-21 19:00:00;SSD 1TB;Hardware;600.0;2;149;Belo Horizonte;MG
1705;2026-05-22 10:00:00;Headset 7.1;Acessórios;800.0;1;146;Curitiba;PR
1706;2026-05-22 20:00:00;Laptop Gamer;Eletrônicos;7500.0;1;109;Rio de Janeiro;RJ
1707;2026-05-22 15:00:00;Mouse Vertical;Acessórios;240.26;2;112;Porto Alegre;RS
1708;2026-05-22 06:00:00;Headset 7.1;Acessórios;800.0;5;135;Belo Horizonte;MG
1709;2026-05-22 20:00:00;Cadeira Gamer;Móveis;1200.0;4;133;Porto Alegre;RS
1710;2026-05-23 02:00:00;Laptop Gamer;Eletrônicos;7500.0;4;103;Salvador;BA
1711;2026-05-23 02:00:00;Teclado Mecânico;Acessórios;549.31;1;100;Salvador;BA
1712;2026-05-23 18:00:00;Placa de Vídeo;Hardware;4500.0;2;144;Fortaleza;CE
1713;2026-05-23 14:00:00;Cadeira Gamer;Móveis;1200.0;3;145;Curitiba;PR
1714;2026-05-23 20:00:00;SSD 1TB;Hardware;600.0;4;138;Belo Horizonte;MG
1715;2026-05-24 05:00:00;SSD 1TB;Hardware;600.0;6;121;Salvador;BA
1716;2026-05-24 11:00:00;Headset 7.1;Acessórios;800.0;3;135;Fortaleza;CE
1717;2026-05-24 02:00:00;Cadeira Gamer;Móveis;1200.0;3;120;Curitiba;PR
1718;2026-05-24 22:00:00;Laptop Gamer;Eletrônicos;7500.0;2;140;Belo Horizonte;MG
1719;2026-05-24 09:00:00;Placa de Vídeo;Hardware;4500.0;4;101;Belo Horizonte;MG
1720;2026-05-25 13:00:00;Headset 7.1;Acessórios;800.0;6;114;Belo Horizonte;MG
1721;2026-05-25 18:00:00;Laptop Gamer;Eletrônicos;7500.0;7;137;Fortaleza;CE
1722;2026-05-25 11:00:00;Mouse Vertical;Acessórios;243.49;7;130;Porto Alegre;RS
1723;2026-05-25 06:00:00;Monitor Ultrawide;Eletrônicos;2800.0;6;141;Belo Horizonte;MG
1724;2026-05-25 23:00:00;Cadeira Gamer;Móveis;1200.0;5;131;Rio de Janeiro;RJ
1725;2026-05-26 20:00:00;Placa de Vídeo;Hardware;4500.0;6;128;Fortaleza;CE
1726;2026-05-26 08:00:00;Placa de Vídeo;Hardware;4500.0;1;116;Curitiba;PR
1727;2026-05-26 21:00:00;SSD 1TB;Hardware;600.0;5;118;Rio de Janeiro;RJ
1728;2026-05-26 09:00:00;SSD 1TB;Hardware;600.0;1;120;Salvador;BA
1729;2026-05-26 23:00:00;Mouse Vertical;Acessórios;231.92;7;130;Curitiba;PR
1730;2026-05-27 15:00:00;Cadeira Gamer;Móveis;1200.0;7;101;Curitiba;PR
1731;2026-05-27 23:00:00;Teclado Mecânico;Acessórios;511.53;3;137;Curitiba;PR
1732;2026-05-27 19:00:00;SSD 1TB;Hardware;600.0;5;118;Belo Horizonte;MG
1733;2026-05-27 07:00:00;Cadeira Gamer;Móveis;1200.0;4;124;Fortaleza;CE
1734;2026-05-27 10:00:00;Cadeira Gamer;Móveis;1200.0;4;135;Salvador;BA
1735;2026-05-28 23:00:00;Monitor Ultrawide;Eletrônicos;2800.0;3;122;Salvador;BA
1736;2026-05-28 02:00:00;Cadeira Gamer;Móveis;1200.0;5;122;Porto Alegre;RS
1737;2026-05-28 09:00:00;Placa de Vídeo;Hardware;4500.0;1;138;São Paulo;SP
1738;2026-05-28 14:00:00;SSD 1TB;Hardware;600.0;1;115;Fortaleza;CE
1739;2026-05-28 14:00:00;Mouse Vertical;Acessórios;247.88;4;119;Rio de Janeiro;RJ
1740;2026-05-29 04:00:00;Monitor Ultrawide;Eletrônicos;2800.0;1;105;São Paulo;SP
1741;2026-05-29 06:00:00;Mouse Vertical;Acessórios;234.63;1;115;São Paulo;SP
1742;2026-05-29 05:00:00;Cadeira Gamer;Móveis;1200.0;7;103;Curitiba;PR
1743;2026-05-29 22:00:00;Monitor Ultrawide;Eletrônicos;2800.0;4;115;Salvador;BA
1744;2026-05-29 11:00:00;Cadeira Gamer;Móveis;1200.0;5;105;Salvador;BA
1745;2026-05-30 22:00:00;SSD 1TB;Hardware;600.0;3;141;Porto Alegre;RS
1746;2026-05-30 01:00:00;Laptop Gamer;Eletrônicos;7500.0;1;121;Porto Alegre;RS
1747;2026-05-30 15:00:00;Monitor Ultrawide;Eletrônicos;2800.0;4;140;Curitiba;PR
1748;2026-05-30 16:00:00;SSD 1TB;Hardware;600.0;6;137;Belo Horizonte;MG
1749;2026-05-30 09:00:00;Teclado Mecânico;Acessórios;509.12;7;145;Belo Horizonte;MG
1750;2026-05-31 04:00:00;Monitor Ultrawide;Eletrônicos;2800.0;6;122;Rio de Janeiro;RJ
1751;2026-05-31 06:00:00;Monitor Ultrawide;Eletrônicos;2800.0;2;117;Salvador;BA
1752;2026-05-31 16:00:00;Mouse Vertical;Acessórios;243.54;6;143;Porto Alegre;RS
1753;2026-05-31 21:00:00;Mouse Vertical;Acessórios;231.88;2;141;Rio de Janeiro;RJ
1754;2026-05-31 16:00:00;Laptop Gamer;Eletrônicos;7500.0;3;141;Rio de Janeiro;RJ
1755;2026-06-01 15:00:00;Headset 7.1;Acessórios;800.0;3;120;Curitiba;PR
1756;2026-06-01 08:00:00;SSD 1TB;Hardware;600.0;4;108;Porto Alegre;RS
1757;2026-06-01 14:00:00;Laptop Gamer;Eletrônicos;7500.0;4;100;Rio de Janeiro;RJ
1758;2026-06-01 21:00:00;Laptop Gamer;Eletrônicos;7500.0;3;102;São Paulo;SP
1759;2026-06-01 02:00:00;Monitor Ultrawide;Eletrônicos;2800.0;2;116;São Paulo;SP
1760;2026-06-02 03:00:00;Monitor Ultrawide;Eletrônicos;2800.0;4;119;Porto Alegre;RS
1761;2026-06-02 18:00:00;Headset 7.1;Acessórios;800.0;3;148;São Paulo;SP
1762;2026-06-02 12:00:00;SSD 1TB;Hardware;600.0;3;120;Porto Alegre;RS
1763;2026-06-02 17:00:00;Monitor Ultrawide;Eletrônicos;2800.0;4;139;Rio de Janeiro;RJ
1764;2026-06-02 06:00:00;SSD 1TB;Hardware;600.0;4;148;Fortaleza;CE
1765;2026-06-03 10:00:00;Headset 7.1;Acessórios;800.0;6;136;Curitiba;PR
1766;2026-06-03 12:00:00;Teclado Mecânico;Acessórios;532.49;2;119;Porto Alegre;RS
1767;2026-06-03 12:00:00;Mouse Vertical;Acessórios;227.41;4;124;Porto Alegre;RS
1768;2026-06-03 05:00:00;Headset 7.1;Acessórios;800.0;1;109;Curitiba;PR
1769;2026-06-03 07:00:00;Headset 7.1;Acessórios;800.0;1;116;Rio de Janeiro;RJ
1770;2026-06-04 14:00:00;SSD 1TB;Hardware;600.0;6;148;Belo Horizonte;MG
1771;2026-06-04 06:00:00;Mouse Vertical;Acessórios;226.74;7;117;Salvador;BA
1772;2026-06-04 14:00:00;Cadeira Gamer;Móveis;1200.0;3;121;São Paulo;SP
1773;2026-06-04 05:00:00;SSD 1TB;Hardware;600.0;6;103;Rio de Janeiro;RJ
1774;2026-06-04 17:00:00;Placa de Vídeo;Hardware;4500.0;6;142;Curitiba;PR
1775;2026-06-05 14:00:00;Teclado Mecânico;Acessórios;516.49;3;147;Belo Horizonte;MG
1776;2026-06-05 01:00:00;Mouse Vertical;Acessórios;249.93;3;111;Belo Horizonte;MG
1777;2026-06-05 03:00:00;Cadeira Gamer;Móveis;1200.0;4;116;Curitiba;PR
1778;2026-06-05 21:00:00;SSD 1TB;Hardware;600.0;5;118;Fortaleza;CE
1779;2026-06-05 00:00:00;Laptop Gamer;Eletrônicos;7500.0;7;109;Curitiba;PR
1780;2026-06-06 13:00:00;Headset 7.1;Acessórios;800.0;1;124;Fortaleza;CE
1781;2026-06-06 07:00:00;Laptop Gamer;Eletrônicos;7500.0;7;109;Belo Horizonte;MG
1782;2026-06-06 08:00:00;Headset 7.1;Acessórios;800.0;7;125;Fortaleza;CE
1783;2026-06-06 15:00:00;Placa de Vídeo;Hardware;4500.0;3;128;Belo Horizonte;MG
1784;2026-06-06 03:00:00;Teclado Mecânico;Acessórios;529.6;3;118;São Paulo;SP
1785;2026-06-07 05:00:00;Laptop Gamer;Eletrônicos;7500.0;5;103;Curitiba;PR
1786;2026-06-07 08:00:00;Cadeira Gamer;Móveis;1200.0;4;135;Curitiba;PR
1787;2026-06-07 15:00:00;Headset 7.1;Acessórios;800.0;1;113;Belo Horizonte;MG
1788;2026-06-07 00:00:00;Placa de Vídeo;Hardware;4500.0;6;104;Salvador;BA
1789;2026-06-07 19:00:00;Placa de Vídeo;Hardware;4500.0;2;128;Curitiba;PR
1790;2026-06-08 16:00:00;Cadeira Gamer;Móveis;1200.0;4;144;São Paulo;SP
1791;2026-06-08 22:00:00;SSD 1TB;Hardware;600.0;6;144;Porto Alegre;RS
1792;2026-06-08 17:00:00;Laptop Gamer;Eletrônicos;7500.0;7;111;Fortaleza;CE
1793;2026-06-08 15:00:00;Headset 7.1;Acessórios;800.0;6;142;São Paulo;SP
1794;2026-06-08 00:00:00;SSD 1TB;Hardware;600.0;3;109;Curitiba;PR
1795;2026-06-09 23:00:00;SSD 1TB;Hardware;600.0;2;119;Salvador;BA
1796;2026-06-09 20:00:00;SSD 1TB;Hardware;600.0;7;121;São Paulo;SP
1797;2026-06-09 20:00:00;Mouse Vertical;Acessórios;228.6;3;122;Curitiba;PR
1798;2026-06-09 09:00:00;Laptop Gamer;Eletrônicos;7500.0;4;100;Fortaleza;CE
1799;2026-06-09 07:00:00;Placa de Vídeo;Hardware;4500.0;5;127;Salvador;BA
1800;2026-06-10 12:00:00;Headset 7.1;Acessórios;800.0;3;126;Belo Horizonte;MG
1801;2026-06-10 01:00:00;Placa de Vídeo;Hardware;4500.0;4;147;Salvador;BA
1802;2026-06-10 17:00:00;Mouse Vertical;Acessórios;240.67;4;111;Rio de Janeiro;RJ
1803;2026-06-10 16:00:00;Cadeira Gamer;Móveis;1200.0;4;134;Belo Horizonte;MG
1804;2026-06-10 08:00:00;Laptop Gamer;Eletrônicos;7500.0;1;144;Porto Alegre;RS
1805;2026-06-11 20:00:00;Laptop Gamer;Eletrônicos;7500.0;1;141;Porto Alegre;RS
1806;2026-06-11 01:00:00;Mouse Vertical;Acessórios;229.03;4;127;Fortaleza;CE
1807;2026-06-11 16:00:00;Placa de Vídeo;Hardware;4500.0;5;114;Rio de Janeiro;RJ
1808;2026-06-11 18:00:00;Monitor Ultrawide;Eletrônicos;2800.0;7;130;Fortaleza;CE
1809;2026-06-11 16:00:00;Cadeira Gamer;Móveis;1200.0;3;147;Rio de Janeiro;RJ
1810;2026-06-12 15:00:00;SSD 1TB;Hardware;600.0;5;117;Salvador;BA
1811;2026-06-12 03:00:00;Headset 7.1;Acessórios;800.0;6;147;Belo Horizonte;MG
1812;2026-06-12 01:00:00;Mouse Vertical;Acessórios;236.15;5;113;São Paulo;SP
1813;2026-06-12 17:00:00;Mouse Vertical;Acessórios;244.33;2;125;Porto Alegre;RS
1814;2026-06-12 03:00:00;Mouse Vertical;Acessórios;225.32;2;116;Fortaleza;CE
1815;2026-06-13 11:00:00;Teclado Mecânico;Acessórios;540.16;7;145;Rio de Janeiro;RJ
1816;2026-06-13 14:00:00;Mouse Vertical;Acessórios;231.98;1;147;Rio de Janeiro;RJ
1817;2026-06-13 20:00:00;SSD 1TB;Hardware;600.0;6;138;Porto Alegre;RS
1818;2026-06-13 23:00:00;Monitor Ultrawide;Eletrônicos;2800.0;4;119;Porto Alegre;RS
1819;2026-06-13 16:00:00;SSD 1TB;Hardware;600.0;6;107;Salvador;BA
1820;2026-06-14 06:00:00;Headset 7.1;Acessórios;800.0;5;123;Curitiba;PR
1821;2026-06-14 15:00:00;Cadeira Gamer;Móveis;1200.0;2;125;Rio de Janeiro;RJ
1822;2026-06-14 00:00:00;Monitor Ultrawide;Eletrônicos;2800.0;6;111;Fortaleza;CE
1823;2026-06-14 11:00:00;Monitor Ultrawide;Eletrônicos;2800.0;2;112;Belo Horizonte;MG
1824;2026-06-14 11:00:00;Laptop Gamer;Eletrônicos;7500.0;3;103;Belo Horizonte;MG
1825;2026-06-15 00:00:00;Teclado Mecânico;Acessórios;511.13;1;148;São Paulo;SP
1826;2026-06-15 22:00:00;Headset 7.1;Acessórios;800.0;1;104;Belo Horizonte;MG
1827;2026-06-15 19:00:00;Laptop Gamer;Eletrônicos;7500.0;5;132;Fortaleza;CE
1828;2026-06-15 20:00:00;Laptop Gamer;Eletrônicos;7500.0;2;127;Curitiba;PR
1829;2026-06-15 23:00:00;Cadeira Gamer;Móveis;1200.0;7;142;São Paulo;SP
1830;2026-06-16 23:00:00;Teclado Mecânico;Acessórios;524.53;1;137;Curitiba;PR
1831;2026-06-16 08:00:00;SSD 1TB;Hardware;600.0;1;100;Rio de Janeiro;RJ
1832;2026-06-16 12:00:00;Laptop Gamer;Eletrônicos;7500.0;3;102;Rio de Janeiro;RJ
1833;2026-06-16 03:00:00;Laptop Gamer;Eletrônicos;7500.0;4;120;Salvador;BA
1834;2026-06-16 03:00:00;Monitor Ultrawide;Eletrônicos;2800.0;3;110;Porto Alegre;RS
1835;2026-06-17 04:00:00;Laptop Gamer;Eletrônicos;7500.0;4;122;Fortaleza;CE
1836;2026-06-17 07:00:00;Mouse Vertical;Acessórios;233.57;6;135;Salvador;BA
1837;2026-06-17 02:00:00;Monitor Ultrawide;Eletrônicos;2800.0;7;133;Rio de Janeiro;RJ
1838;2026-06-17 03:00:00;Monitor Ultrawide;Eletrônicos;2800.0;2;103;Porto Alegre;RS
1839;2026-06-17 06:00:00;Placa de Vídeo;Hardware;4500.0;1;147;Salvador;BA
1840;2026-06-18 18:00:00;Teclado Mecânico;Acessórios;535.04;7;100;Belo Horizonte;MG
1841;2026-06-18 04:00:00;Monitor Ultrawide;Eletrônicos;2800.0;6;121;Porto Alegre;RS
1842;2026-06-18 06:00:00;SSD 1TB;Hardware;600.0;5;124;Fortaleza;CE
1843;2026-06-18 08:00:00;Cadeira Gamer;Móveis;1200.0;3;132;São Paulo;SP
1844;2026-06-18 00:00:00;Headset 7.1;Acessórios;800.0;7;104;Rio de Janeiro;RJ
1845;2026-06-19 15:00:00;Mouse Vertical;Acessórios;242.1;1;123;Belo Horizonte;MG
1846;2026-06-19 16:00:00;Placa de Vídeo;Hardware;4500.0;2;123;Fortaleza;CE
1847;2026-06-19 18:00:00;Monitor Ultrawide;Eletrônicos;2800.0;4;139;Rio de Janeiro;RJ
1848;2026-06-19 17:00:00;Monitor Ultrawide;Eletrônicos;2800.0;7;118;Rio de Janeiro;RJ
1849;2026-06-19 09:00:00;Placa de Vídeo;Hardware;4500.0;1;140;Rio de Janeiro;RJ
1850;2026-06-20 18:00:00;SSD 1TB;Hardware;600.0;3;144;Porto Alegre;RS
1851;2026-06-20 04:00:00;SSD 1TB;Hardware;600.0;3;122;Porto Alegre;RS
1852;2026-06-20 16:00:00;Cadeira Gamer;Móveis;1200.0;6;113;Curitiba;PR
1853;2026-06-20 12:00:00;Headset 7.1;Acessórios;800.0;5;120;Rio de Janeiro;RJ
1854;2026-06-20 00:00:00;Cadeira Gamer;Móveis;1200.0;4;110;Porto Alegre;RS
1855;2026-06-21 12:00:00;Headset 7.1;Acessórios;800.0;2;107;Fortaleza;CE
1856;2026-06-21 18:00:00;Headset 7.1;Acessórios;800.0;4;126;Belo Horizonte;MG
1857;2026-06-21 05:00:00;Placa de Vídeo;Hardware;4500.0;5;108;Fortaleza;CE
1858;2026-06-21 18:00:00;Mouse Vertical;Acessórios;247.11;7;127;Porto Alegre;RS
1859;2026-06-21 20:00:00;Teclado Mecânico;Acessórios;543.36;2;133;Salvador;BA
1860;2026-06-22 09:00:00;Placa de Vídeo;Hardware;4500.0;1;130;Curitiba;PR
1861;2026-06-22 01:00:00;Headset 7.1;Acessórios;800.0;7;125;Curitiba;PR
1862;2026-06-22 04:00:00;Placa de Vídeo;Hardware;4500.0;3;134;Porto Alegre;RS
1863;2026-06-22 14:00:00;Mouse Vertical;Acessórios;233.35;5;138;Belo Horizonte;MG
1864;2026-06-22 21:00:00;SSD 1TB;Hardware;600.0;6;125;Belo Horizonte;MG
1865;2026-06-23 09:00:00;Headset 7.1;Acessórios;800.0;6;144;Curitiba;PR
1866;2026-06-23 13:00:00;Placa de Vídeo;Hardware;4500.0;6;149;Fortaleza;CE
1867;2026-06-23 05:00:00;Laptop Gamer;Eletrônicos;7500.0;2;115;São Paulo;SP
1868;2026-06-23 10:00:00;Teclado Mecânico;Acessórios;508.72;7;135;Belo Horizonte;MG
1869;2026-06-23 18:00:00;Laptop Gamer;Eletrônicos;7500.0;5;103;São Paulo;SP
1870;2026-06-24 06:00:00;Monitor Ultrawide;Eletrônicos;2800.0;5;108;Salvador;BA
1871;2026-06-24 06:00:00;Cadeira Gamer;Móveis;1200.0;1;142;Belo Horizonte;MG
1872;2026-06-24 02:00:00;Laptop Gamer;Eletrônicos;7500.0;7;117;São Paulo;SP
1873;2026-06-24 23:00:00;Headset 7.1;Acessórios;800.0;1;133;Curitiba;PR
1874;2026-06-24 23:00:00;Cadeira Gamer;Móveis;1200.0;4;104;São Paulo;SP
1875;2026-06-25 09:00:00;Teclado Mecânico;Acessórios;545.5;5;135;Belo Horizonte;MG
1876;2026-06-25 08:00:00;Teclado Mecânico;Acessórios;521.12;3;148;Curitiba;PR
1877;2026-06-25 22:00:00;Headset 7.1;Acessórios;800.0;7;119;Belo Horizonte;MG
1878;2026-06-25 14:00:00;Cadeira Gamer;Móveis;1200.0;4;125;Belo Horizonte;MG
1879;2026-06-25 06:00:00;Placa de Vídeo;Hardware;4500.0;6;108;Fortaleza;CE
1880;2026-06-26 05:00:00;Teclado Mecânico;Acessórios;501.38;3;122;Belo Horizonte;MG
1881;2026-06-26 18:00:00;Teclado Mecânico;Acessórios;499.37;1;114;Belo Horizonte;MG
1882;2026-06-26 14:00:00;Cadeira Gamer;Móveis;1200.0;3;100;Porto Alegre;RS
1883;2026-06-26 11:00:00;Laptop Gamer;Eletrônicos;7500.0;5;129;Belo Horizonte;MG
1884;2026-06-26 08:00:00;Laptop Gamer;Eletrônicos;7500.0;6;103;Belo Horizonte;MG
1885;2026-06-27 05:00:00;Monitor Ultrawide;Eletrônicos;2800.0;4;104;Porto Alegre;RS
1886;2026-06-27 05:00:00;Teclado Mecânico;Acessórios;526.35;6;147;Rio de Janeiro;RJ
1887;2026-06-27 23:00:00;Monitor Ultrawide;Eletrônicos;2800.0;4;110;Rio de Janeiro;RJ
1888;2026-06-27 06:00:00;Laptop Gamer;Eletrônicos;7500.0;3;138;Curitiba;PR
1889;2026-06-27 12:00:00;Placa de Vídeo;Hardware;4500.0;5;117;São Paulo;SP
1890;2026-06-28 17:00:00;Mouse Vertical;Acessórios;231.2;6;108;Fortaleza;CE
1891;2026-06-28 13:00:00;Cadeira Gamer;Móveis;1200.0;6;141;Curitiba;PR
1892;2026-06-28 03:00:00;Cadeira Gamer;Móveis;1200.0;2;134;Belo Horizonte;MG
1893;2026-06-28 10:00:00;SSD 1TB;Hardware;600.0;7;142;Salvador;BA
1894;2026-06-28 10:00:00;Cadeira Gamer;Móveis;1200.0;7;116;São Paulo;SP
1895;2026-06-29 13:00:00;Placa de Vídeo;Hardware;4500.0;2;138;Belo Horizonte;MG
1896;2026-06-29 13:00:00;SSD 1TB;Hardware;600.0;6;122;São Paulo;SP
1897;2026-06-29 03:00:00;SSD 1TB;Hardware;600.0;1;129;Salvador;BA
1898;2026-06-29 08:00:00;Placa de Vídeo;Hardware;4500.0;7;115;Porto Alegre;RS
1899;2026-06-29 14:00:00;Laptop Gamer;Eletrônicos;7500.0;2;125;São Paulo;SP
1900;2026-06-30 23:00:00;Teclado Mecânico;Acessórios;548.01;7;143;Porto Alegre;RS
1901;2026-06-30 23:00:00;Laptop Gamer;Eletrônicos;7500.0;5;132;São Paulo;SP
1902;2026-06-30 03:00:00;Cadeira Gamer;Móveis;1200.0;5;137;São Paulo;SP
1903;2026-06-30 01:00:00;Cadeira Gamer;Móveis;1200.0;6;120;Rio de Janeiro;RJ
1904;2026-06-30 16:00:00;Headset 7.1;Acessórios;800.0;3;125;Fortaleza;CE
1905;2026-07-01 08:00:00;Monitor Ultrawide;Eletrônicos;2800.0;6;114;Belo Horizonte;MG
1906;2026-07-01 10:00:00;Placa de Vídeo;Hardware;4500.0;7;100;São Paulo;SP
1907;2026-07-01 21:00:00;SSD 1TB;Hardware;600.0;4;101;Porto Alegre;RS
1908;2026-07-01 19:00:00;SSD 1TB;Hardware;600.0;2;137;Rio de Janeiro;RJ
1909;2026-07-01 07:00:00;Monitor Ultrawide;Eletrônicos;2800.0;4;132;São Paulo;SP
1910;2026-07-02 18:00:00;Headset 7.1;Acessórios;800.0;1;106;São Paulo;SP
1911;2026-07-02 22:00:00;Teclado Mecânico;Acessórios;501.97;1;108;Rio de Janeiro;RJ
1912;2026-07-02 08:00:00;Laptop Gamer;Eletrônicos;7500.0;2;137;Belo Horizonte;MG
1913;2026-07-02 04:00:00;Cadeira Gamer;Móveis;1200.0;4;100;Curitiba;PR
1914;2026-07-02 12:00:00;SSD 1TB;Hardware;600.0;5;127;Curitiba;PR
1915;2026-07-03 06:00:00;Placa de Vídeo;Hardware;4500.0;4;106;São Paulo;SP
1916;2026-07-03 06:00:00;Laptop Gamer;Eletrônicos;7500.0;1;111;Salvador;BA
1917;2026-07-03 08:00:00;Headset 7.1;Acessórios;800.0;5;120;Curitiba;PR
1918;2026-07-03 17:00:00;Teclado Mecânico;Acessórios;519.61;6;120;Fortaleza;CE
1919;2026-07-03 09:00:00;Headset 7.1;Acessórios;800.0;6;139;Belo Horizonte;MG
1920;2026-07-04 06:00:00;Monitor Ultrawide;Eletrônicos;2800.0;7;130;Belo Horizonte;MG
1921;2026-07-04 15:00:00;Teclado Mecânico;Acessórios;529.48;3;125;Salvador;BA
1922;2026-07-04 19:00:00;Headset 7.1;Acessórios;800.0;2;145;Belo Horizonte;MG
1923;2026-07-04 12:00:00;Teclado Mecânico;Acessórios;514.8;3;111;São Paulo;SP
1924;2026-07-04 20:00:00;Monitor Ultrawide;Eletrônicos;2800.0;3;112;Curitiba;PR
1925;2026-07-05 05:00:00;Placa de Vídeo;Hardware;4500.0;5;147;Rio de Janeiro;RJ
1926;2026-07-05 13:00:00;Headset 7.1;Acessórios;800.0;5;102;São Paulo;SP
1927;2026-07-05 09:00:00;Laptop Gamer;Eletrônicos;7500.0;4;119;Porto Alegre;RS
1928;2026-07-05 19:00:00;Mouse Vertical;Acessórios;231.75;7;115;Salvador;BA
1929;2026-07-05 15:00:00;Cadeira Gamer;Móveis;1200.0;6;118;Curitiba;PR
1930;2026-07-06 11:00:00;Teclado Mecânico;Acessórios;497.58;1;145;Salvador;BA
1931;2026-07-06 13:00:00;SSD 1TB;Hardware;600.0;1;132;Belo Horizonte;MG
1932;2026-07-06 20:00:00;Cadeira Gamer;Móveis;1200.0;1;104;Porto Alegre;RS
1933;2026-07-06 03:00:00;Mouse Vertical;Acessórios;235.26;1;146;São Paulo;SP
1934;2026-07-06 07:00:00;Headset 7.1;Acessórios;800.0;5;113;Porto Alegre;RS
1935;2026-07-07 00:00:00;SSD 1TB;Hardware;600.0;5;145;Porto Alegre;RS
1936;2026-07-07 12:00:00;Placa de Vídeo;Hardware;4500.0;3;117;São Paulo;SP
1937;2026-07-07 18:00:00;Laptop Gamer;Eletrônicos;7500.0;2;108;Curitiba;PR
1938;2026-07-07 04:00:00;Teclado Mecânico;Acessórios;501.04;4;137;Fortaleza;CE
1939;2026-07-07 17:00:00;Laptop Gamer;Eletrônicos;7500.0;1;130;Rio de Janeiro;RJ
1940;2026-07-08 12:00:00;Mouse Vertical;Acessórios;232.11;7;116;Rio de Janeiro;RJ
1941;2026-07-08 15:00:00;Laptop Gamer;Eletrônicos;7500.0;4;121;São Paulo;SP
1942;2026-07-08 08:00:00;Monitor Ultrawide;Eletrônicos;2800.0;4;121;Belo Horizonte;MG
1943;2026-07-08 04:00:00;SSD 1TB;Hardware;600.0;4;111;Rio de Janeiro;RJ
1944;2026-07-08 23:00:00;Headset 7.1;Acessórios;800.0;1;104;Salvador;BA
1945;2026-07-09 18:00:00;Teclado Mecânico;Acessórios;504.05;4;118;Porto Alegre;RS
1946;2026-07-09 20:00:00;Monitor Ultrawide;Eletrônicos;2800.0;1;117;Porto Alegre;RS
1947;2026-07-09 04:00:00;Teclado Mecânico;Acessórios;506.08;5;117;Fortaleza;CE
1948;2026-07-09 02:00:00;Placa de Vídeo;Hardware;4500.0;5;126;Curitiba;PR
1949;2026-07-09 10:00:00;Monitor Ultrawide;Eletrônicos;2800.0;1;132;Salvador;BA
1950;2026-07-10 07:00:00;Headset 7.1;Acessórios;800.0;4;138;Curitiba;PR
1951;2026-07-10 03:00:00;Monitor Ultrawide;Eletrônicos;2800.0;4;136;Fortaleza;CE
1952;2026-07-10 08:00:00;Laptop Gamer;Eletrônicos;7500.0;7;119;Rio de Janeiro;RJ
1953;2026-07-10 23:00:00;Teclado Mecânico;Acessórios;549.89;4;145;Salvador;BA
1954;2026-07-10 09:00:00;Monitor Ultrawide;Eletrônicos;2800.0;4;143;Rio de Janeiro;RJ
1955;2026-07-11 22:00:00;Cadeira Gamer;Móveis;1200.0;5;109;Belo Horizonte;MG
1956;2026-07-11 22:00:00;Teclado Mecânico;Acessórios;526.18;7;125;Rio de Janeiro;RJ
1957;2026-07-11 21:00:00;Mouse Vertical;Acessórios;248.56;6;107;Porto Alegre;RS
1958;2026-07-11 01:00:00;Headset 7.1;Acessórios;800.0;6;145;Curitiba;PR
1959;2026-07-11 15:00:00;Placa de Vídeo;Hardware;4500.0;3;121;Rio de Janeiro;RJ
1960;2026-07-12 06:00:00;Laptop Gamer;Eletrônicos;7500.0;3;116;Porto Alegre;RS
1961;2026-07-12 12:00:00;Cadeira Gamer;Móveis;1200.0;4;120;Fortaleza;CE
1962;2026-07-12 15:00:00;Mouse Vertical;Acessórios;241.74;7;126;Porto Alegre;RS
1963;2026-07-12 09:00:00;Cadeira Gamer;Móveis;1200.0;7;109;Salvador;BA
1964;2026-07-12 00:00:00;Monitor Ultrawide;Eletrônicos;2800.0;6;106;São Paulo;SP
1965;2026-07-13 16:00:00;Cadeira Gamer;Móveis;1200.0;6;145;Rio de Janeiro;RJ
1966;2026-07-13 14:00:00;Headset 7.1;Acessórios;800.0;4;124;Belo Horizonte;MG
1967;2026-07-13 08:00:00;Laptop Gamer;Eletrônicos;7500.0;7;122;Belo Horizonte;MG
1968;2026-07-13 00:00:00;Cadeira Gamer;Móveis;1200.0;4;134;Salvador;BA
1969;2026-07-13 01:00:00;Monitor Ultrawide;Eletrônicos;2800.0;1;138;Curitiba;PR
1970;2026-07-14 03:00:00;Mouse Vertical;Acessórios;245.11;4;100;Rio de Janeiro;RJ
1971;2026-07-14 00:00:00;Teclado Mecânico;Acessórios;495.59;1;110;Fortaleza;CE
1972;2026-07-14 08:00:00;Cadeira Gamer;Móveis;1200.0;3;138;Rio de Janeiro;RJ
1973;2026-07-14 14:00:00;Headset 7.1;Acessórios;800.0;5;106;Rio de Janeiro;RJ
1974;2026-07-14 20:00:00;Mouse Vertical;Acessórios;237.81;3;144;Salvador;BA
1975;2026-07-15 08:00:00;SSD 1TB;Hardware;600.0;1;140;São Paulo;SP
1976;2026-07-15 13:00:00;Headset 7.1;Acessórios;800.0;5;141;Fortaleza;CE
1977;2026-07-15 00:00:00;Laptop Gamer;Eletrônicos;7500.0;1;117;Salvador;BA
1978;2026-07-15 18:00:00;Monitor Ultrawide;Eletrônicos;2800.0;4;101;Porto Alegre;RS
1979;2026-07-15 02:00:00;Mouse Vertical;Acessórios;236.14;1;137;Porto Alegre;RS
1980;2026-07-16 11:00:00;Monitor Ultrawide;Eletrônicos;2800.0;4;122;Fortaleza;CE
1981;2026-07-16 19:00:00;Placa de Vídeo;Hardware;4500.0;3;104;Salvador;BA
1982;2026-07-16 11:00:00;Teclado Mecânico;Acessórios;520.12;4;111;Belo Horizonte;MG
1983;2026-07-16 22:00:00;Placa de Vídeo;Hardware;4500.0;5;113;Salvador;BA
1984;2026-07-16 17:00:00;Laptop Gamer;Eletrônicos;7500.0;6;135;Salvador;BA
1985;2026-07-17 14:00:00;Mouse Vertical;Acessórios;249.26;5;147;Salvador;BA
1986;2026-07-17 23:00:00;Teclado Mecânico;Acessórios;521.3;3;127;Rio de Janeiro;RJ
1987;2026-07-17 01:00:00;Mouse Vertical;Acessórios;246.75;6;105;Fortaleza;CE
1988;2026-07-17 03:00:00;Monitor Ultrawide;Eletrônicos;2800.0;5;133;São Paulo;SP
1989;2026-07-17 19:00:00;Cadeira Gamer;Móveis;1200.0;5;136;Belo Horizonte;MG
1990;2026-07-18 18:00:00;Laptop Gamer;Eletrônicos;7500.0;7;148;Fortaleza;CE
1991;2026-07-18 10:00:00;Mouse Vertical;Acessórios;235.18;1;129;Curitiba;PR
1992;2026-07-18 04:00:00;Teclado Mecânico;Acessórios;531.85;2;138;Fortaleza;CE
1993;2026-07-18 22:00:00;Headset 7.1;Acessórios;800.0;4;145;São Paulo;SP
1994;2026-07-18 08:00:00;Placa de Vídeo;Hardware;4500.0;6;139;Curitiba;PR
1995;2026-07-19 18:00:00;Cadeira Gamer;Móveis;1200.0;1;149;Belo Horizonte;MG
1996;2026-07-19 15:00:00;Headset 7.1;Acessórios;800.0;7;137;Curitiba;PR
1997;2026-07-19 08:00:00;Laptop Gamer;Eletrônicos;7500.0;5;138;São Paulo;SP
1998;2026-07-19 17:00:00;Monitor Ultrawide;Eletrônicos;2800.0;2;136;Curitiba;PR
1999;2026-07-19 08:00:00;Placa de Vídeo;Hardware;4500.0;6;147;Curitiba;PR
